text,actual_emotion,predicted_emotion,emotion_confidence
"I’ll never understand people who freak out at that, just say they were born a different color.",approval,anger,0.06608873229269238
"I was kinda just silent the whole time, we haven't spoken since. ",neutral,realization,0.07232692419823547
yes!!! Once I realized my body wasn't wanting as much food i put my self on intermittent fasting and i love it,realization,love,0.16954180639056218
Good puppy!,admiration,admiration,0.3196977433778271
Amazing!! Congrats!,admiration,admiration,0.19509210925804824
Very sorry for your loss.,grief,remorse,0.21224005020107234
Thank you SO much! This is so genuine and so helpful. Thank you so much for your time and your thoughts.,admiration,gratitude,0.4956901651744205
I'm jealous. I'm in California,neutral,neutral,0.058750365418199266
Next commercial break mute your TV and watch this for old times sake,neutral,caring,0.060854286491627836
"yeah, it's basically Hillsong with sugary shakes pretending to be food. ",approval,approval,0.09365114101519152
his talk show is pretty great,admiration,admiration,0.19609076271294865
and I was at the playboy mansion...,neutral,surprise,0.11921571722998572
Oh [NAME] this is going to garner such hate hahaha,amusement,disgust,0.08135204699491315
Totally fair. All I was trying to remind everyone is don't fall in love with your crushes.,approval,love,0.09398268439538061
"I don't drink I don't smoke I don't do drugs and yet still am not ""happy rich and all that people say this brings""",disappointment,fear,0.11155980310461149
I hope you like it-,optimism,optimism,0.3948671025859634
I wasn’t saying she was faking just curious to see her reaction to it,curiosity,curiosity,0.0929804977610411
I never had that problem,neutral,disappointment,0.06534153473158912
"Hi, [NAME]! I am stopping by to wish you the best day, and the best year! -HappyFriendlyBot",caring,desire,0.1178884717047307
"Wow, I had a cousin named [NAME] who ordered corn. Very nice lady, she died 2 years ago. Miss her xoxo",admiration,surprise,0.09511748415172372
THANK YOU!,gratitude,gratitude,0.979104732986895
Thankyou so much,gratitude,disappointment,0.06380332257764677
442 is how many goals we're scoring today,desire,curiosity,0.07088214385291175
He is holding you hostage. Sad state of affairs.,sadness,sadness,0.16911147278085215
"In doing so, they gave humanity a cinematic treasure for the ages. ",admiration,admiration,0.0637910513824529
"and this is why I, having been baptized [RELIGION], choose to be cremated after I die because I am sacred and can, finally, no longer be used",realization,excitement,0.06677176816283815
This is his worst season since his rookie year,disgust,disgust,0.10729750230441819
Oh definitely. When you work for the gov't you root for the party looking to expand it. Maybe that's how you'll get a raise right?,approval,excitement,0.08876294718053318
I love almost everything Ethiopian but by [NAME] is Ethiopian music hard to listen to,love,love,0.23208148308134827
"I did not know that, and tbf I did completely neglect my MH between 18-23. Too busy with sex, drugs and alcohol. ",approval,curiosity,0.0758837015327661
I think we'll find out how apt this comparison is within the next few years.,optimism,optimism,0.08536371602288019
Every team is beatable just maybe not by us,optimism,realization,0.06536873481265443
Great picture! What a amazing tribute! I love Dallas,admiration,admiration,0.22668627401636848
Yeah how dare the puck not magnetize to [NAME] stick. Not his fault at all.,anger,anger,0.08223031914306173
Fuck these trendy hipster joints. Give me my shit like normal fucking people.,anger,anger,0.24365742263174203
I'm just living through you as you use shower comebacks in real life. Glorious...,admiration,caring,0.07271085612363971
Me and my babyboys safety word is Obama. But I like yours too.,approval,realization,0.09553218822649379
Whatever that means.,annoyance,annoyance,0.05521263675437403
"Meh, it’s “next man up” over there. I’ll be worried when they stop making it to the playoffs. ",nervousness,caring,0.07265098481312741
Put an echo or Alexa under it lol,amusement,amusement,0.3258960572077654
> consider another better job Oh believe me I am doing that. But this will have to do for now!,approval,realization,0.0920706789893366
People more interested in kids and safety than making their books look good.,neutral,admiration,0.06200015758872842
It is the truth lol,amusement,amusement,0.2852437554242868
>would of ......,neutral,surprise,0.07293611664061525
"Like a football, one arm, head in your hand, body against your arm and don't fumble ",neutral,annoyance,0.06718192000641351
You cannot open or keep it. You can send it RTS.,neutral,caring,0.07746859185266854
I really like [NAME] videos,admiration,love,0.10505782466934116
"I'm excited, we're supposed to be getting ours this year. Finally. ",excitement,desire,0.07908494663307736
Eh I work oilfield so my sample of peoples opinions is probably pretty skewed. Still super embarrassing knowing this many people are so ignorant.,embarrassment,embarrassment,0.10292230303129458
Curious why the option is even allowed then.,curiosity,curiosity,0.099706347632295
That's how mafia works,approval,realization,0.1547374455110296
How so. What is the basis for your feeling of universal entitlement?,neutral,curiosity,0.0897825561692745
Good advice thank you I appreciate it. I need to learn to focus my mind again,admiration,gratitude,0.239713125160604
"If [NAME] had served all fast food buffet to a football team Reddit would be circlejerking ""So down to earth and amazing!!1""",admiration,disappointment,0.06750644504836911
not quite as cheap but if you already own a decent bike this kit is wel priced to convert,caring,disapproval,0.06468354147838079
I love the Nets,love,love,0.688717933788507
Unless he has actually threatened to or used them against you I think you're over reacting. Ask him to please delete them.,annoyance,annoyance,0.09336972446995608
Haha! I love it. That’s exactly how it would go.,amusement,love,0.1577626559131702
"Then he'll spend your worth plus some, or ...",neutral,confusion,0.06785800201455328
tHiS iS wHY TruMP wiLL wiN!!!!!1!1,neutral,optimism,0.08879906723913226
You’re a genius.,admiration,anger,0.07721050336371205
"Something something don't fight what you hate, save what you love.",caring,anger,0.09213038590213196
"Reminds me of ""This Be The Verse"", haha.",amusement,amusement,0.12404122436516864
"It's a time thing and also I don't want to get pricked. They are covered in those tiny, tiny spines. ",neutral,disapproval,0.0863735805086633
"I'm curious, because this reminds me of where I used to go to school: What town is it?",curiosity,realization,0.09309494127639839
"i was in that thread, but i can at least admit it ;)",approval,realization,0.07126819289899863
Life imitates art.,neutral,sadness,0.07449405855653511
Go pursue that education. Let [NAME] wallow in her own sadness.,sadness,neutral,0.07351535053837084
"I know, that's why I said one of the reasons. The main reason is his uselessness when your team is bad",disgust,disappointment,0.06885994363598844
Why should I waste my time with that?,curiosity,annoyance,0.05863331065076219
I also love this decline in bch prices. Cheers.,joy,love,0.24695872986428072
My favourite commentator on this game,love,joy,0.08498798814745391
Really feeling you today.,approval,caring,0.1034032252693258
Imagine being scared of a black bear,fear,fear,0.07537760749057126
Question of the century.,neutral,approval,0.059616693468683625
What a fantastic combover! What brand of comb do you use?,admiration,curiosity,0.23953556355624542
Such grace.,admiration,disgust,0.07512229871360174
There was no need to crap on this guys feelings but you decided to anyway. At least you did the right thing a helped him dodge a bullet.,admiration,curiosity,0.08942070399926828
"you are correct, but now it is over. and i cry",sadness,disapproval,0.05431133522107748
"Thanks, Now I hate you, and will have dreams about this tonight.... Just what I needed",annoyance,gratitude,0.12163089518740668
Facial hair ability: [NAME] Looks like [NAME] got a bloody nose a week ago and hasn’t washed the blood out yet.,annoyance,neutral,0.07693045693081728
Exactly. It's like a deepity only longer and wronger.,confusion,approval,0.08534893203731983
"Classic lab. ""Man that was really tough, but can we go play now?""",curiosity,realization,0.06206084168893155
sad knight noises...,neutral,sadness,0.86516357861004
I have his signature on my jersey. Lined up at Canadian Tire for it when I was younger. Happy retirement!,joy,joy,0.08777955766957914
Even more so. It would only make our prison (this world) even more diabolical.,fear,approval,0.06254658105320592
Randall's always needs people.,neutral,anger,0.0724435695915029
OH NO NO NO NO,neutral,disapproval,0.28288847143880064
I'm glad we agree.,joy,joy,0.12238245488399452
We’ve also had ~10 shots and [NAME] first shot was not until the 40’ mark.,neutral,neutral,0.06904228115137273
I kinda feel like you may be my auntie. Florida?,approval,caring,0.10387911423195097
Notice me dooku,neutral,disappointment,0.08670231005842088
"Takedown's not a terrible pick on Nuxia though, so that's something.",neutral,fear,0.10210107759170442
Is this a real thing!?! (I am clearly very sheltered),surprise,confusion,0.1004927103306296
Nah. Been over it pretty much since [NAME] said the Vikings did it too. Pretty hard to be mad when we were just as guilty.,remorse,realization,0.07729850517576604
I have endured worse.,sadness,disgust,0.13506904529528763
"Cringe and try hard, elaborate please.",neutral,sadness,0.06797528190873303
"How can someone be so stupid, hope it hurt maybe learn not to do that again.",curiosity,annoyance,0.0752026006816939
Where's the love button,curiosity,love,0.2737578999773282
Went to their other location in Capitol Reef National Park and it was fantastic. The cauliflower dough is great even if you're not into gluten-frei.,admiration,admiration,0.09504642580459967
Hope you're ok!,caring,optimism,0.5127962048179308
Sonic boom is funny as hell. I love the writing so much.,amusement,love,0.30134676378004766
"yup today hit me extra hard since im unemployed. i feel like im not meant to work, or meant to do anything really!",disappointment,realization,0.07500644541986738
I don’t care about the first seed until a week or so before the all star cut off?,neutral,disapproval,0.06076579662910938
Zero percent. I sit when I piss cause I'm not an animal and I like to keep my bathroom clean.,approval,anger,0.05747318283654071
um what. no. not hmc.,neutral,disapproval,0.15035175929683098
[NAME] looks really hot in this pic for some reason,admiration,curiosity,0.07436033096438803
"Am I not supposed to have what I want, what I need",disapproval,desire,0.115766593388111
And yet “50 Shades” got a major release...hmmm,neutral,neutral,0.05881938741780112
I like [NAME] but I'm gonna have to go with [NAME].,approval,neutral,0.07280408588235855
Oh sorry I didn’t realize that journalists weren’t actually autonomous humans that can think for themselves.,remorse,remorse,0.0961221896054296
"I guess not, thanks for clearing it up mate",disapproval,gratitude,0.4670656623653023
"I've met very few ""bad"" people in my life. Most people I arrest are ok people who made unfortunate mistakes.",neutral,anger,0.06518888823549703
"I'd love it, too. Might be that I've just gotten an idea for a post.",love,love,0.09784457606905311
Don’t own one and the show is tonight I didn’t realize this dilemma until a few hours ago,realization,realization,0.07868134031316355
"Ya so in a sense, you're just feeding strangers for a few days. Kind of charitable in a way",neutral,annoyance,0.0622102741248867
I feel like I lost focus... I have not accomplished anything and the clock isn't really stopping,disappointment,disappointment,0.07506442365883437
nah I could get better if I wanted but it’s the peak meme see my post history,neutral,approval,0.06511488765034487
"Honestly capital G god is probaby the only diety I would struggle allowing at my table, no matter which [NAME] religion it was picked from.",neutral,surprise,0.06127607242209525
Dude I spit after this comment. I haven’t laughed like that in awhile.,amusement,amusement,0.07417065756333235
This shirt is directly aimed at some very ugly individuals,disgust,admiration,0.05772616248490504
And I wish I wasn't lumped in with new jersey.,desire,desire,0.28172875255714724
I do love the Baroque style as well! All the Church’s I ever saw in Mexico especially the cathedrals in are simply amazing.,admiration,love,0.13749602724773888
Problem is that picture is there before you ever set foot in the cabin; [NAME] put it there. Just makes it creepy.,fear,curiosity,0.0657293348586871
Yes. Especially if you didn't succeed in putting the fire out.,neutral,approval,0.07033755131646087
Hell yes 😁 I loved it.,approval,love,0.10687883805106657
Our education system has been a complete and utter failure...,disapproval,embarrassment,0.0663294521948778
"Great point, that was a silly assumption for me to make. Thank you for your perspective! Editing the post now. ",admiration,gratitude,0.3890192074515245
I have the Paraguard. It’s the Non-hormonal copper IUD and it’s good for 10 years once inserted,neutral,admiration,0.07241407870722943
I'm pretty sure the armor still shows on the person after you kill them even if it is broken.,neutral,confusion,0.07410703021056007
I was going to say Tigres but then I reread the title and it said ‘big’,realization,realization,0.11832580853393246
"Nah I get that, it's just AFFIRMATIVE action...unless this went over my head as well lol",amusement,amusement,0.19510946975915366
[NAME] article the other day was below contempt. Don't know what I expected tbh.,neutral,confusion,0.07813344049298489
"I'm just curious, all those people who blamed you for his infidelity, what are they saying now?",curiosity,curiosity,0.14264167910613926
Yeah it's takes some time but use all that negative energy and focus on yourself.,caring,annoyance,0.05800740094779448
So that’s what it looks like when it’s not a flop,optimism,annoyance,0.08309392485333755
Looks like a plate to me. A stupid plate. But a plate nonetheless.,anger,annoyance,0.12024458344512494
"No he was given a bad team to work with unfortunately, and never got the final shot he deserved :(",sadness,disapproval,0.10435839013962962
"It will be cool a ""Classic BF maps DLC"" on this time period. And a Stalingrad battle map <3 And a berlin map.",neutral,caring,0.07194371481321236
"Ahhh okay my bad I misread your comment, I thought you meant we’d be trading him if he plays poorly ",sadness,caring,0.07800447892337944
I think he meant Centrifugal Bumblepuppy,approval,optimism,0.07436660559398671
Or you can just support your local farmers that slaughter their animals in an ethical and way less horrifying way.,approval,caring,0.06539806373040995
Yeah I don't think [NAME] even had to move his hands for that one. [NAME] and [NAME] also destroyed the precision QB challenge too.,annoyance,neutral,0.07211776321590321
These 2 are repulsive little kids,approval,disgust,0.0721210919497676
". . . Uh huh, interesting",excitement,excitement,0.0791507646592218
You would never attack someone's character.,neutral,caring,0.059033653881919584
Its a funny joke but it's delivered horribly,disapproval,amusement,0.29268072044370935
You can find the light! Maybe get a pet to love :),love,love,0.2067829007125743
"I’m really excited for this year! Especially the Wu Lin hero , I can’t wait to wield my double-handed jian😍😍",excitement,excitement,0.34726103511872913
[NAME] looks like a guy who owns a number of body pillows and anime figures.,neutral,neutral,0.07277034881345901
I'm totally the last one!,neutral,approval,0.06118995952796668
"[NAME] you sound like my father, I feel sorry for you",remorse,caring,0.14272328128548703
"lmao! That happens to me at times, It’s like really??? I was just checking if my bullets came in the mail.",neutral,amusement,0.07243434614562057
"Nae bother, Happy to bring musical joy in to any household.....",joy,joy,0.13868530210842575
Culture war is a two-player game. This would only mean a different tribe would have believed the claims and a different tribe would have disbelieved them.,neutral,confusion,0.06796192912400935
Oats have proteins similar enough to gluten (avenins) that they can actually cause problems for some people with ceiliacs. Maybe that'd work.,neutral,disappointment,0.06548225525885018
"Everything he does makes me love him, including his video application for his job at Polygon which is art.",love,love,0.09616341845459876
"I mean I still attend regular school, this is just a Saturday school. I'm just frustrated that I have to waste Saturday on this",anger,curiosity,0.08101257360463786
I thought you only get to be a wizard after you're 30yo and still virgin,surprise,caring,0.11141237757691413
"[NAME] damn it, I knew something was wrong, oh well.",anger,annoyance,0.07401767346666165
"As someone who has lived his entire life in the tropics, I can't even begin to imagine what those kinds of temperatures are like.",disapproval,curiosity,0.06830135695755911
It will probably take him some time to figure out whether he’s really ok with it or not.,approval,optimism,0.08446703270937506
I thought I was done enjoying the Saints loss but this brought me right back. Great find!,admiration,admiration,0.11725682730151307
you are delucional.,disapproval,disgust,0.089423281779907
"I agree, it was approaching my bedtime but will do so today, thank you.",approval,gratitude,0.3018120235339323
Sure? Money is still being used by them instead of the government wastefully taking it,neutral,approval,0.06509830332280984
What in the fuck was [NAME] doing there,anger,anger,0.21830327721870943
"Lucky the patient passed out, they wont feel any of it or hear anything you're saying!",approval,approval,0.062434127106822564
Happy for you!,joy,joy,0.2271780997092183
prostate massaging with the booooooyz,neutral,approval,0.10372445739450467
Huzzah!!,neutral,neutral,0.05424263573111251
Does this mean anything for the stability of Taiwan? Im going there in a month on a school field trip that could easily be canceled.,curiosity,curiosity,0.06428470835894304
That’s the one!,approval,disgust,0.05894189412826346
[NAME] face looks so cute here. What happened. Too many fillers ?,admiration,admiration,0.0697542572265674
"If my team lost like that, I’d definitely be very upset. Just hard to see it.",disappointment,sadness,0.0790450535930492
i hate that it's over an interstate bridge so people traveling from the west from other states have to look at it edit* because it's fucking corny,anger,anger,0.102544687801989
Only time I wake up in jeans is after a few too many jack & cokes.,neutral,realization,0.07091870219147986
the into is the real cringe - good find!,admiration,admiration,0.08336643682377948
Thanks for the share!,gratitude,gratitude,0.8764441932872349
Are you one of them? Sorry. You asked for it. 😂,curiosity,remorse,0.2151774067404568
It's ephemeral. It deteriorates in quality from the second you finish pouring. It isn't going to be framed. Enjoy the moment.,neutral,joy,0.11838865166730735
"New year home boy. You can still change. If not, 2020 is your time to shine boiii",caring,annoyance,0.05985032140583091
WHAT. It says due date 12/31/18. Did she have the kid yet? Oh [NAME] I feel so bad for her and that child...... nooooooo,sadness,sadness,0.06461775537353429
Reckon she'd have your back too OP!,neutral,neutral,0.05539951134903736
"Ive gone through very similar things...i completely understand. Praying wont do much, seek a therapist to talk about things",caring,disappointment,0.06926155494619127
That guy is gonna regret losing you the rest of his life. You know why i know this? Because i am him 30 years ago.,sadness,realization,0.08376967167896102
BHARLIE HEAT VERSION,neutral,amusement,0.05636481113120158
"The lease ends on September 9th. I can hold out until then, it’s just going to suck. ",neutral,annoyance,0.06800975246941571
Actually whoosh doesn't apply here because the criteria for whooshing is different.,disapproval,disapproval,0.0601163616437291
"To be fair, it is a wild sentence. ""I have genital herpes and a BMI of 31."" As if they're related lol",amusement,amusement,0.11792457881452069
Oh [NAME] how awful,disgust,disgust,0.1802207012290794
Something is rotten in Deutschland.,neutral,confusion,0.08163420788853992
This is great,admiration,admiration,0.4393247891439623
"We had 2 1000 yrd receivers, why would we add a 3rd?",neutral,confusion,0.10221680019369744
Same. OP go hug your mom and tell her she matters to you and your brother. Support and love would be your best bet.,caring,caring,0.15107888471527675
"I liked TB 18, too bad it tanked. ",disappointment,disappointment,0.08507990752114458
Absolutely amazing how people think this is anonymous.,admiration,admiration,0.09804828496161407
Thanks for the insight. I guess I’m coming off a bit ignorant and maybe naive.,gratitude,gratitude,0.3980898100216978
Ah ok! I figured I was getting it wrong.,approval,approval,0.06156208724423608
My stress levels are really too high. Let Tuesday bring some good news...,optimism,admiration,0.05989959924003831
See him live if you haven’t already. One of my favorites to see in concert.,love,joy,0.06811984162837809
Where's your helmet?! Gotta love helmets.,curiosity,love,0.3077676254800865
Misery loves company,neutral,love,0.07906954088361932
"Yes. However, they also could've just gotten something catered.",neutral,approval,0.09223967211432801
Screaming into a pillow afterwards,neutral,sadness,0.08071286723828898
"ITLL BE OKAY MOUNTAIN FRIEND, JUST ACCEPT IT",neutral,caring,0.08794206706365368
Useful distinction - thank you.,gratitude,gratitude,0.7793205405812911
Suck Fat Women.,annoyance,annoyance,0.06600015801171033
That's cause [NAME] really got his career ruined by injury.,sadness,disappointment,0.06552605110485518
That was glorious.,admiration,sadness,0.08230177488396806
They all clapped.,joy,neutral,0.06609022633095885
She sucks but you don’t sound much better,annoyance,annoyance,0.0707019865623969
This is a symptom of the main reason I don't drink or do drugs. F,approval,confusion,0.09822988555070283
"Thank you for the advice. I was thinking it was envy, and I needed some place to get advice from some strangers.",gratitude,gratitude,0.23924324180392018
actually OP’s account,neutral,amusement,0.05830857814890973
A whale would probably choke to death if it tried to swallow you.,approval,disapproval,0.056419571943058744
How much do u get an onion of sniff for? 1500+ for me,curiosity,excitement,0.1142618107780152
Fingers crossed. Its the chosen people and not the choice people for a reason.,optimism,anger,0.08261848884135294
"Fam, I fucking love [NAME] play. Gotta be the most exciting dude in the league other than [NAME] when he’s hitting everything from 30ft+",excitement,love,0.11942286687857698
My organs love me. I wonder how emotionally damaged a person has to be to come up with these. It's weird and sad.,sadness,sadness,0.12212457877577088
THEY ARE SO CUTE TOGETHER!!,admiration,admiration,0.0965827767159367
"So, it turns out the chants were projection as well.",realization,optimism,0.07735145038955556
Brings back so many memories from the Guitar Hero 3 days.,neutral,joy,0.06928562699099092
"Lies, damn lies and statistics. ",anger,anger,0.0698497112784555
Clearly he did at this point. He wasn't some serial killer cannibal.,neutral,confusion,0.0674286815007309
I once looked for my phone with my phone flash light,embarrassment,love,0.0586892670888865
[NAME],neutral,neutral,0.12348658056252393
I’m glad I’m not the only one who thought that.,joy,joy,0.06820658707609747
Just stop.,anger,anger,0.08686329309558184
Calm down.,neutral,neutral,0.06367596434024382
"He knows she's winning the PR war, so he's lashing out like the angry toddler he is.",neutral,anger,0.0894049802236882
She... Replied to a guy in a screenshot... That's just pure stupidity.,neutral,disapproval,0.057069947016312864
[NAME] is a lefty. It's the reason why we had [NAME] punch him out in the division series.,neutral,confusion,0.07755567704794465
$2 by 2029,neutral,annoyance,0.07426690473230642
we will see I hope your right. all we can do is play our best.,optimism,optimism,0.18119023968135833
Now that's ride sharing!,excitement,disappointment,0.06476751135242884
[NAME] was not childfree. He just honored his wife's (who is childfree) desires because he loved her.,love,anger,0.07837206926814921
I think a lot of it's projection. Many incels say they are proud of being NEET.,neutral,surprise,0.07628220819030389
Same. Thats not the usual flight path out of [NAME]. Really curious how they got this pic.,curiosity,curiosity,0.09552440190686934
[NAME]? (joke),curiosity,amusement,0.2606282656661746
"You gotta use the footage that you got haha And yeah of course, my guy.",amusement,excitement,0.08239143267121625
no one loves me,disappointment,disapproval,0.08526441193896817
The fact that 34 thousand people upvoted that painting truly blows my mind,admiration,surprise,0.06479811929346514
[NAME] was mediocre for several years in a row even if he was winning. He matches [NAME] more than anyone,neutral,surprise,0.07109063042467599
[NAME] “sociopath”.,neutral,anger,0.07963258940507796
"Genuinely curious, what year do you think we're in right now?",curiosity,curiosity,0.2447789733290675
Gungrabbers? You act like they're busting in your door and taking your guns. No one is forcing you to do this.,anger,disapproval,0.06899583508031866
I was one of the best. I used to get at least 50 matches. Hair loss made me invisible all of the sudden,disappointment,realization,0.06540678628418203
"""Think about how dumb the average person is; then realize that half of them are dumber than that!"" - [NAME]",realization,annoyance,0.06857048060922609
You’re truly welcome :),gratitude,gratitude,0.08349145565988744
RDX. Definitely a head turner,neutral,approval,0.07361799472173373
"Appreciate the reply, I'll look into these. Thank you!",gratitude,gratitude,0.32662438730110743
">let’s take it all After all this time, people still don’t understand marginal tax rates",neutral,caring,0.060211373387073074
"Quitting porn only helped with my performance in bed, other than that I’m still anxious as hell in social spots ",nervousness,fear,0.06135792951736198
"i had all of those. checked myself with a GP and found out i had low iron, migraines and needed to visit the therapist re my anxiety.",fear,fear,0.05786043834174259
It wouldn't have been hard to get more votes than [NAME] because [NAME] was so hated.,neutral,sadness,0.061646873061480686
"Go take care of your boy up top of this chain, then we'll talk.",caring,caring,0.09687673501699626
"She'll ask them a question, interrupt them to say that something else is coming up and then talk about something irrelevant. She is all over the place.",annoyance,optimism,0.09953844539369323
Your reading skills are unparalleled,admiration,curiosity,0.060107088498515544
Will do. Have a good night man.,optimism,optimism,0.0726974850474944
What could it cost? $10?,confusion,curiosity,0.07521018585208607
Should be /r/me_irl,neutral,caring,0.08423981920560739
> and twice on Sunday Yeah I'm going to be using that any day of the week from now on and twice on Sunday,neutral,excitement,0.1062864336265456
"As one of the greatest Presidents of our time, who stared down globalist trash and made them blink.",approval,approval,0.06491740854274365
The 4th from the right on the front row is still my favorite hat. It is hard to pair the Blue and Orange with a random outfit.,admiration,love,0.06006406850254489
I think that question has a very complicated answer,neutral,approval,0.06868232265119412
"thanks [NAME], very cool! i’m just gonna off myself tho. brain hurty juice hurty my brain too much ",gratitude,gratitude,0.10496834887352739
" cute, new driver still cares. Come back in 4 months and u will be showing pictures of that bag thrown on the trunk. ",annoyance,excitement,0.06921917300000816
Surprised Colorado ain’t got one the way things have been going here past couple years,surprise,surprise,0.08752687044918951
I report these every time they appear on the buy/swap/sell groups.,neutral,realization,0.07832809646404025
Your an idiot and trying to justify your ignorance.,neutral,annoyance,0.08217661222293228
"I kept reading and apparently he was able to pull out 10k to his bank account, so he currently has doubled his money",neutral,neutral,0.06618001316459232
ah fuck. From xbox to zullily? seriously!?,curiosity,anger,0.11595546061021128
So you spectate all the people that kill you? Stop talking bullshit.,anger,annoyance,0.1084081108868484
THERE ARE NO CHIPS IN THIS PICTURE.,neutral,disapproval,0.08371172558526442
I'm disappointed that this isn't real...,disappointment,disappointment,0.07773338279475046
It took a surprisingly long time for this to be seen by me on this sub.,surprise,realization,0.094629192747204
"Oh yeah, not planning on it this month. Haha. Just getting psyched for my first summer in the PNW!",neutral,amusement,0.06356591196401419
That’s awesome! Hopefully the sanity keeps up,admiration,admiration,0.1116314768778467
I had corrected myself but I deleted the original post now for people like yourself who don’t read fully before you get enraged and comment.,approval,anger,0.05673587895546581
"I wouldn’t worry, most United fans have never even been to Manchester. ",disapproval,realization,0.06241821907710723
I wouldn’t recommend expensive brands in this subreddit. People get irrationally angry and condescending.,anger,anger,0.09336151947041497
This is amazing haha. I think he’s got the type of personality to win too.,amusement,admiration,0.0915101826190556
"The US version of The Office isn’t even the best version of The Office, never mind the best comedy ever.",disapproval,admiration,0.07191248960882302
😵 when 😤 mommy 🤨 gets 👀 the 🤔 🅱️endies 😫 just 🔥🔥🔥 right 👌,neutral,realization,0.08094891349737357
I already know [NAME] sucks... He will be gone in 2 years but the shitty press that you support being like [NAME] will still be here. Congrats on supporting propaganda,anger,caring,0.07786632168370627
"Hey, can you post a pic (or many) of the chow/corgi mix? I really need to see it. Thanks. Actually, the kittens too. ",curiosity,gratitude,0.08376765811892141
I applaud both of you for taking whatever action you can to make this succeed. Sorry I couldn’t offer any advice. Good luck.,remorse,remorse,0.12228430327755416
Exactly right! It would help if my fingers could type properly lol. Burr smh!,amusement,amusement,0.18840399784332748
I loved it so much more than I thought I would! [NAME] does an amazing job with quite a bizarre concept!,joy,admiration,0.06593166311562283
Yeah that look points to body dysmorphia to me,neutral,approval,0.08055952710894468
Fair enough haha,amusement,amusement,0.15446074516165795
"It's not better or worse, just different. ",neutral,confusion,0.07916186619431329
"Does include bad cgi, tho?",neutral,disappointment,0.09533904812768727
That sub is filled with people who want other people to do things for them. A revolution would be to much effort.,neutral,annoyance,0.06982822197056618
"Wow, y'all are heroes! ",excitement,surprise,0.11798265719851585
That’s adorable! I hope they stick with it!,admiration,optimism,0.17836352546572362
I actually watched this entire debate just now. Holy shit. [NAME] is a legend. [NAME] would be proud.,admiration,surprise,0.09421944881583083
Thank you for your service o7,gratitude,gratitude,0.8163733138321062
TIL [RELIGION] are the second biggest religious group in Arizona...I'm starting to see why it's been red for so long.,curiosity,curiosity,0.05767013556131372
OF COURSE. I TOO LIKE EYEBROWS,neutral,realization,0.06278235405842152
Yeah but how is that even possible if 99% of girls who are out are with friends? That’s pretty intimidating,curiosity,curiosity,0.10582777461972998
lol this is good.,admiration,amusement,0.3739104644219529
"i know, [NAME] sucks balls",neutral,neutral,0.06010821300176291
I don't wear panties. You'll need to describe the sensation.,neutral,disapproval,0.06304136307748379
There is only one metal that should be sliding down their throats. Ka-chunk!,neutral,neutral,0.0670298451645201
This is so sweet 🖤,approval,admiration,0.11723300238320923
He makes Talking Thrones look good.,admiration,admiration,0.09435724026885674
"I enjoy vintage cooking porn. A young [NAME] trussing a round roast, for example. ",joy,joy,0.11817133310204025
"I work in customer service, so it's inevitable.",neutral,admiration,0.0689984314143157
Quoting die hard was his only likable moment,neutral,sadness,0.07149612416707612
"> The bedrock principle of representative government is that “the people” do not decide issues, they decide who shall decide. Very much this.",approval,disapproval,0.06904479018530582
I believe that's the first game winner at the buzzer at home in Raptors history,neutral,surprise,0.08628108996709856
i smell a sitcom!,neutral,admiration,0.05812414226167313
I really can't imagine someone saying that if the gender was reversed.,surprise,surprise,0.0716775456842906
"This made me chuckle, thank you.",gratitude,gratitude,0.41172466413745884
Thanks. Timeless and eternal right?,gratitude,gratitude,0.3401317288754367
Ah thanks. Well hopefully he can do better with [NAME].,gratitude,optimism,0.1394915909893804
[NAME] is seriously in the top 5 best female characters ever written for TV.,neutral,admiration,0.07403015468001116
Great job! Hats off to you.,admiration,admiration,0.11613094516639738
Omg! There's one in every family. And every classroom.,surprise,neutral,0.05882918311321153
"Please, it'd be to stop time wasting doomed repeat VoNCs.",annoyance,desire,0.08562411573957925
Another LA teacher here. They get posted around March. Make sure you start building up your portfolio now. Best of luck!,neutral,caring,0.10352464948289741
Don't fucking disrespect the World's Largest Love Machine ever again,annoyance,love,0.1665461857582243
Via chat. I sent a photo to confirm that she really wanted it.,neutral,admiration,0.058269354072391165
"I’m not attracted enough to her for me to ask her out, but I would have sex with if she wanted ",neutral,disappointment,0.057749693177235474
I know! BTW I love your choice of critter. Penguins are fabulous.,admiration,love,0.34045439723979204
"It's called ""internalised misogyny"" and feminists are aware of it and discussing it. Thanks for your concern though.",gratitude,gratitude,0.21606793536918284
She has at least 12 elbows and all of them are happy. You get it gurl,joy,optimism,0.09010056976884404
Yea the flash fan combo’s purpose is literally for killing one person. Idk what he’s talking about. Lmao,amusement,confusion,0.1028408153767713
Omg I know. She honestly looks so uncomfortable. There HAS to be someone better who could host?!,curiosity,approval,0.06667843212544339
"Fortunately, those defibs only require being able to read to operate, so that means a good 5% of most corporate drones could run one.",optimism,admiration,0.06544196131263508
"When you go get your things, if you can bring a friend. Wishing you all the best.",caring,caring,0.16743664421086923
"Even if you think me and him aren't soulmates, youve gotta be pretty sad to think soulmates don't exist. ",sadness,sadness,0.11030569372573981
"Nope. stories always fall apart, like in Ohio a few years ago. ",neutral,amusement,0.05893787686214311
exactly . all these people commenting “i could do that!!!” well guess what ?! YOU DIDN’T.,neutral,curiosity,0.07632014004032367
No it was a joke,amusement,amusement,0.1358239468348933
"How has the season not even started, and Plastique already is my fav",optimism,disapproval,0.06054798277385213
Make a blog. Make an anonymous YouTube channel. Write poetry or songs. Make music. Create! Funnel these thoughts into something positive and constructive.,neutral,neutral,0.057528492877357576
oh wow never heard of that in my life sorry,remorse,surprise,0.1127569734719565
That sounds kinda crazy. I bet you voted for [NAME],excitement,excitement,0.06736317026240665
You can't control what happens around you. You can only control how you react to it.,approval,curiosity,0.09879732198881375
This is the day we've been waiting for! WWOOOOOOOOOOOO!!!!!!,excitement,admiration,0.07278264710908265
IMO the car was mostly at fault for abruptly jumping into the other lane without signaling.,neutral,realization,0.06727140090374009
"I found this post under the ""sjw"" tag on ifunny and it had like 100 happy faces ",neutral,joy,0.12616028136329074
"I liked [NAME] too, but I'll take [NAME] over him 10 times out of 10.",admiration,optimism,0.07844671093133368
No. That's something you can't prove unlike American support to KCK.,neutral,disapproval,0.09719453190405741
>call people faggots > lovingly describe the beauty and strength of a man's physique,love,anger,0.05735042724035975
"50% completion percentage and was losing 31-10 at the half. Congrats, he got garbage time yards/points when [NAME] was just icing the game. ",excitement,surprise,0.08575765323948512
As a bi bro; I have the exact same question,neutral,approval,0.06760599702242642
Submit yourself to science to investigate this intriguing event.,approval,annoyance,0.05283137440015993
Anything on Netflix really,curiosity,caring,0.0758639586491655
"This is the sort of chucklefuck who finds himself saying ""and there was nothing I could do"" after a mishap... often.",realization,curiosity,0.05698124800827522
Or they just don't understand why cats do that with kittens.,disapproval,confusion,0.1939434317242899
"That sounds terrible! I get hay fever some years, I also have eczema and anxiety, all at once sounds like pure hell.",fear,fear,0.1669795796707805
"The more I know someone, the less I want to know someone. ",neutral,curiosity,0.07712649744023567
Two or three anti depressants before I told them a lie about how I tried my moms valium and it worked,disappointment,disappointment,0.06132244634531255
looks tasty did you all take it home?,curiosity,curiosity,0.07969704595408117
There is something deep within me that as an [NAME] LOVES the use of the word cunt,neutral,realization,0.06016262776489549
And then what would The Bulls do if he says he won't be the head coach anymore? Put an assistant in there?,confusion,surprise,0.0878716083671023
"For those interested, Three Arrows has a great video debunking the ""[NAME] were leftists"" lie.",neutral,admiration,0.11860849390915883
The Chargers defense looks impossibly bad,disappointment,disappointment,0.10292334743094893
Another picture of [NAME] please thanks,gratitude,gratitude,0.15317290340740122
Watch it in German but use English subtitles trust me,approval,realization,0.060423203178520304
"Thank you, trust me I'm extremely glad.",gratitude,gratitude,0.5323522575014517
I’d be very concerned if the posts on this sub were coming from 7 year olds.,approval,caring,0.08179453251688248
This stressed me out,nervousness,amusement,0.07635010025128477
"The Swiss military used pigeons until 1994. are cost-effective... Anyway, sounds like DHL is your best bet.",neutral,admiration,0.06240886949361123
"when they finally do eat a decent meal, the will blow up like a balloon!",neutral,optimism,0.09286611568375205
Surely you dont think its the bravest thing a person can do though right?,confusion,approval,0.06620476139954348
but that's what covers are for. They show the title and sometimes a relevant image so you quickly know the contents.,neutral,confusion,0.07197817817933279
Delete it fat,neutral,approval,0.05811450630161498
"Damn, you're good a parkour. That was a pretty giant leap to be made.",admiration,admiration,0.09108547771122066
Yeah keep filming your kid kicking a dog in the face. I'm suprised this isn't on r/funny,surprise,amusement,0.09799517408557294
"Yeah, not the rich,that makes sense to me. I'm just commenting on the title saying billionaires are bad for democracy",neutral,disapproval,0.06967132541706747
I hope the bleeding didn’t last long,desire,optimism,0.16465468593785368
I really hope web design follows in fashion’s footsteps and starts emulating 90’s-00’s webpages. Such a nostalgic feeling seeing that site.,optimism,optimism,0.13279335506874326
"Thanks, i will try to look into possible causes. ",gratitude,gratitude,0.1888048823827113
I'll never not love you [NAME],neutral,love,0.2887166830981073
"Sorry, yes they do. [NAME] is the worst QB mentioned in that list.",disapproval,disgust,0.10077195597974277
That's an estimate that doesn't include the fees to his organizations. You just said literally what OP said divided by 5.,neutral,curiosity,0.06948626343067532
"I dated one for about a month, and just one or two dates with a couple other guys. ",neutral,confusion,0.06892239177230622
this is my new favourite thread,admiration,joy,0.08067759344160394
Why the fuck do people have these conversations in public,anger,anger,0.15198546893252968
You make soap? That's awesome.,admiration,admiration,0.13386985068702437
Haven't been able to watch tonight and just saw the score. What is happening?!,confusion,curiosity,0.08383846749519241
"Yes, its completely normal. Everyone I know is better than everyone else.",approval,approval,0.14206675416988226
Her Twitter checks also clearly a fucking idiot.,anger,anger,0.15073868714043212
this is the best thread ever i s2g,admiration,admiration,0.16534693343698637
So this means the people who have debt can see those that don’t. Am I sensing an easier target for muggings and such?,curiosity,excitement,0.05960561208858438
I cant’t stand mint flavored toothpaste. That’s how much I hate mint.,disgust,anger,0.09873797520686987
Can you fucking not,anger,anger,0.2345038110525444
"I'm torn. I watched it twice, but only twice. Also, I didn't check the sub until I saw the comments. ",neutral,disgust,0.07200410988070657
assault some more people.,neutral,anger,0.07285372811272928
"""Cute dog, what's his name?"" ""[NAME]"" ( ͡o ͜ʖ ͡o)",admiration,confusion,0.07119909081642387
"Yeah me, I'm blaming my medication tho.",disapproval,approval,0.060386412897465866
Practice your speech before hand. In your head and in the physical world. Then keep doing it until it no longer scares you.,caring,optimism,0.08012247089479162
Hey hooman you still sleep? I wait for treats.,neutral,excitement,0.1132267391033892
Poor [NAME]. Give him some Enfamil. He will feel better soon.,caring,caring,0.0938773209453442
"It's like he saw it coming and wanted it to be close, so he kept his speed just to show the Xterra that they were wrong. ",neutral,disapproval,0.06429874162880406
"He seems to have a really cool fashion sense, maybe he can do something with it one day, maybe go to Paris?",admiration,optimism,0.06434527942090332
"Thanks to the finicky nature of the reddit app, i accidentially gilded this post. Congrats :p",admiration,gratitude,0.14319124654559498
I HATE that song...I did not vote for it. A few of my songs I liked went at around 60-70,annoyance,disappointment,0.05481209269901019
Maybe if [NAME] is still playing,neutral,neutral,0.07027277544051942
Unfortunately not. 😏,sadness,disappointment,0.07897439678774358
"I love you, 125.",love,love,0.8439574741202425
"Youre not wrong, but that applies to every ad. People are generally getting upset with the message more than anything though",disappointment,approval,0.0700288918921745
should have expected that ending ... but nice new (?) twist on that common joke,approval,amusement,0.08262133262663832
Drinking and cussing = toxic masculinity Everyone on that submarine should be re-gendered as punishment!!!!!,neutral,annoyance,0.07577297413470235
Or her girlfriend was a man when she started dating her,neutral,sadness,0.07960138864867694
"You should check out [NAME] ""thank you God"" ",gratitude,gratitude,0.2522081366149288
Could you give an example? You're basically saying that you do MC but don't really say how :P,neutral,disapproval,0.0744334185656053
I’m downvoting because it seems like r/iamverysmart material.,annoyance,disapproval,0.07061828504603027
I'm divorcing my narcissistic ex and that book helped me so much!,admiration,excitement,0.08676003728117386
I bet there is an army of married couples who did the same exact thing.,neutral,approval,0.06670289349625473
[NAME] is there anything more depressing than being in a leafs gdt when the leafs are losing.,disappointment,curiosity,0.07179022432362464
"Just looked up TITANS, now I've GOT to watch it!! Thanks for the advice too",excitement,gratitude,0.3020876787858784
I dont think it will happen cuz he will probs just stay in GS or go LA with/ against [NAME] but I do think he should look into it.,confusion,optimism,0.08887938333570508
old school from back when we won the cup,joy,sadness,0.06861872977210703
"okay for real, i saw this when the game ended. i died. i fucking died laughing. -sent from my HeavenPhone (TM)",amusement,anger,0.06571698819197508
Oh I didnt know the box was stabbed. It kinda looked like they made a little holder for their knife so they could come back to it later.,neutral,realization,0.08922877155743753
"I’m excited to see [NAME] come in here. I hope he plays some more quality, aggressive minutes",excitement,optimism,0.1034238067989947
If it’s like my store it might change. I have to check my schedule every other day because of changes,realization,disapproval,0.06309372508269408
">ultra-conservatives Um excuse me, I'm actually a Plus Ultra Conservative, thanks!",gratitude,gratitude,0.1461183933151604
Don't forget [NAME] 3 whole days as an esthestician (or however it's spelt).,neutral,confusion,0.0852688506966329
Why not though? Not enough buyers?,neutral,disappointment,0.10234342108537656
Thank you! My Bravo blog is,gratitude,gratitude,0.5201513068458984
We have Medicare Medicaid and Obamacare,neutral,approval,0.05237591420463539
Beautiful stranger i don’t have to talk to them after,admiration,annoyance,0.06739596448960032
Hmmm.. this is kind of interesting that our name was even thrown into this mix.,excitement,admiration,0.07341754557911577
HA! HAHAHAHAHAHA!!! That’s amazing. Thanks for starting my morning off with a good laugh. What a couple of idiots.,admiration,gratitude,0.17896870482666355
> I think [NAME] is the best QB Prospect since Luck 😐,admiration,admiration,0.08560168109698102
As a pioneer of the 4 corners I vote you leave this question to someone else and just keep your head down,neutral,optimism,0.07526835009802078
I would point to [NAME] razor: Never attribute to malice that which is adequately explained by stupidity.,annoyance,curiosity,0.06267558550564913
Lmao is he wearing knockoff Bulls shorts with a Lakers jersey,neutral,disapproval,0.05887417836199319
Laugh and hang up. Then tell my husband that an ex from 25+ years ago just called me and spouted a bunch of nonsense.,neutral,amusement,0.05874280306254808
This video is so very Polish.,neutral,admiration,0.06752988260674937
"Downtown LA has some great Spanish/Hispanic clubs that play great [NAME] music. You should try La Cita, Las Perlas, or Las Cañas. All great clubs/venues.",admiration,admiration,0.20560261788756035
What? Fur definitely shows up on beige. She stayed for 35 minutes and held one dog who was wearing a coat.,neutral,curiosity,0.06291672117457306
You can’t,disapproval,caring,0.08176334222951265
"Oh shit, that makes a lot of sense, thanks for dumbing it down!",disgust,gratitude,0.31430029735417847
"Lol no, you said that it isn’t called swinging anymore so I was curious as to what partner swapping was called now.",amusement,amusement,0.11593627897896316
Bad luck you’re in Beckton,disappointment,optimism,0.10250315874111918
Nop nothing YET,neutral,disappointment,0.10924231596339287
Original with sound. I love the moms commentary,love,love,0.28933224422502507
"Thanks, that was a big help. This one had me scratching my head ",gratitude,gratitude,0.16222606698946962
But you'll downvote and complain but not provide any reasoning for your complaints? You sound like a child. Grow up.,anger,caring,0.07574245722225711
Umm... Wooosh?,neutral,disappointment,0.06672478782195258
Thanks. I was leaning towards the 11:05 tourney at MGM since it's deeper stack and slightly longer blind levels.,gratitude,gratitude,0.10564520305968655
is as good as it gets spent all morning looking for it . Thank you for your time,gratitude,gratitude,0.2706923400133109
Imagine trying to step down from there after you're done and your legs feel like rubber,neutral,caring,0.08621749348489713
It’s more important to document it for karma.,neutral,excitement,0.057815724166998865
They arent even commies is the worst part🤣,neutral,disgust,0.20495521819064005
I heard Netflix was cutting a bunch of content so I'm going to cancel and drop all the content myself! 4d chess move baby!,disapproval,realization,0.060675581828582466
"Yea it’s custom, me and a friend of mine were messing around seeing what we could sit on...",confusion,approval,0.07068614152440535
Would need the #1 overall in 2 years... should try to get a first in next years draft for AB and hope that team tanks,optimism,optimism,0.1685027665009431
"I'm a bit late. What's the ""AAAAAH FUCKING WATER"" reference?",annoyance,anger,0.14762619325083057
"Cant agree more on the first part but for the last, it comes out too harsh.",annoyance,approval,0.07108813491653675
The weird eyes.,neutral,disgust,0.24893184000239185
I didn't see it the first time and appreciate the repost.,gratitude,realization,0.0878061551503867
[NAME] loves it,love,love,0.11866186529006405
Lmao thanks for the update!,gratitude,gratitude,0.8030235542724357
"You fruitcart, you oughta be ashamed of knowing that, let alone expecting anyone else to know.",embarrassment,curiosity,0.08167149073415697
Haha. This is awesome. And I can't unsee it.,admiration,admiration,0.17672059355386774
Welcome to eb games,gratitude,gratitude,0.11868699508651952
Because our capitalist system is creating ignorant voters by design.,neutral,annoyance,0.06721265371704367
"Yes, you said you are dying, I cannot do anything about that, hope you find peace",approval,optimism,0.10002732371753009
"Currently in Cali, jobs pay more so it works out, big problem is the fires in the cheaper areas :/",neutral,neutral,0.06172222571810161
This joke is disgusting and offensive. Dictionaries don't contain proper nouns!,disgust,disgust,0.13363689712188315
"Wonder if her steel balls make the same sound, clanging together, when they're frozen?",surprise,surprise,0.1303173788746287
"I think it was Volantis, but yeah I agree.",approval,approval,0.176678612949774
Let's us both hope you will be losing it come by the end of the September then... LOL It would be freaking awesome if it happens.,amusement,optimism,0.17891741661306906
Fantastic! Thank you for the info sir!,admiration,gratitude,0.6787880651882843
Smoking a pipe whilst laying some pipe. Fantastic.,annoyance,admiration,0.06219391310054811
Being a jerk and believing yourself to be right or the victim creates a messy mind.,neutral,neutral,0.0563692700304525
I think that's a reference to how fucking mad watching [NAME] makes people feel. ie shit [NAME] is playing and now I have the furies!,annoyance,anger,0.09165771337587937
You stole this,anger,curiosity,0.0833530550280425
"It just has to be ""unequivocal and unconditional"". ""Good faith"" was from the Advocate General opinion, not the Court.",optimism,approval,0.05995074817984924
I can’t even get high anymore cause “alcoholism/addiction” .... At least I have cookies I guess.,neutral,optimism,0.053981302461812965
So it gets flipped to him being corrupt when he doesnt side with [NAME] as I said.,neutral,approval,0.07246616844022273
But what if that's the only job I would enjoy?,joy,joy,0.08325050552110681
I actually laughed at this,amusement,amusement,0.16317872816605053
Enjoy your karma,amusement,joy,0.3023719375880511
"Doesn’t exactly do much in a first past the post, two party system.",neutral,approval,0.06119323719981398
"I used to think that too, before I got over Trump Derangement Syndrome and took the red pill.",realization,surprise,0.06041290595066629
[NAME] missed a wide open [NAME] below the rim. Dude needs to pass the ball more.,neutral,neutral,0.07845083989425505
I kill him before he kills me during the date,anger,disappointment,0.053584058507841814
Where's this snow everyone's talking about? Just looked out the window and there's no snow here.,curiosity,annoyance,0.06449375661213605
I've never been there before so I can't confirm or deny but I would be really surprised if a casino only had limit holdem,surprise,surprise,0.10235314293759433
all I did was snitch on him,neutral,curiosity,0.07775640854136558
Fun game. Good expansion too,admiration,joy,0.09730423079131183
That’s just proof positive they aren’t meant to be.,neutral,disapproval,0.07069554593017242
"Don't see it at all, but she's cute with the freckles",admiration,approval,0.0765780237435353
>69xxWidowmakerxx69,neutral,neutral,0.05424263573111251
"Start on 3 or alpha series, 4 & 5 series did not surpass those ",neutral,curiosity,0.07868231221130653
hahaha. best response I've seen in a few days,amusement,admiration,0.07200987540001719
"He might have disobeyed orders and taken big risks, but [NAME] knows despite that, that he would be good leader. Thought this was obvious. Edit: word",neutral,admiration,0.06237509903194723
I think of [NAME] hot dogs. I hate that I love them so much.,love,love,0.19747180923534088
Haha I'd like it if our parallel lines intersect *heavy breathing*,desire,amusement,0.1486179771703782
In her defense it’s like 20 something degrees in Indiana right now,neutral,fear,0.05873244960188133
Chasing thoughts and storing tension in your hands is how you distract yourself from feeling social tension and empathy. You need to allow yourself to feel these feelings.,caring,caring,0.1475547697316992
"No, he was hecka hungry and coming down to McDonald’s would mean being caught.",neutral,disapproval,0.09419128576434947
Wow. That is shockingly uncool.,surprise,surprise,0.12757170460678288
"Or in the language of the MSM ""unwanted home visitors"".",neutral,realization,0.07600069474561318
Toy department hype! So hard to keep from using caps!,neutral,sadness,0.08123958087989168
"But if [NAME] wins... well, things might change.",optimism,caring,0.057843534303220916
"Oh damn, that would have been the only correct response! ""Sorry, but I have a boyfriend."" End of conversation.",sadness,remorse,0.17675466721050428
gotta love some Detroit Sports,love,love,0.37728535559595144
You're not wrong. Hahaha,amusement,disapproval,0.11669314027931775
"Hi, [NAME]! I hope you have the best day ever! -HappyFriendlyBot",joy,optimism,0.16051123886231022
Our team just gave up the moment that happened and all went to top lane to have a b-step party with the other team,joy,annoyance,0.05720995545104568
I've always wanted to eat Youngstown State's mascot,desire,approval,0.052855550711980705
I hope your gaydar has leveled up enough to filter these out now,optimism,optimism,0.2244644509991999
"It's a lame, timid city on a beautiful harbour.",admiration,admiration,0.08501544321901684
[NAME] sure saved that one from swirling down the toilet. Thank you [NAME].,gratitude,gratitude,0.20068310955465551
"Meh, same branch of religion. Just opposing views on the sequel to the story.",disapproval,neutral,0.060275579010884955
It's not uncommon for OTPs to not use their mics or stay out of chat all together because of all the flame they get.,disappointment,disapproval,0.10210710788279216
Wanting to feel sexy isn’t really a thing that applies to me tbh,disapproval,annoyance,0.07300269845774085
I was raised solo parent so it was more of an angry hushed whisper when they thought I was in the other room.,anger,realization,0.07489566426051145
My pleasure ☺️ hope you enjoy! She seems very sweet.,joy,optimism,0.19799847101191642
Just to set up for a bigger failure story in the coming days. I think the guys at epoch times are working extra hours this weekend.,neutral,optimism,0.07321749545489772
Don’t be so negative. Living like a medieval peasant is easy in today’s world.,approval,disapproval,0.0753201687139893
"Yes, ~~jack~~ jake will be great too! Love the audio mixer with the old Spiderman soundtracks...looks very well produced...",admiration,love,0.11058874315492649
Why did this get 100+ upvotes in 2 days?,neutral,confusion,0.09234928260112969
"*Now* he wants to negotiate? We don't believe you, TЯeasonous TЯump...",neutral,disapproval,0.06944738460322024
some men sit to pee. men also get attacked and feel vulnerable in certain areas. the more you know.,neutral,caring,0.06840852217882118
The biggest cringe is actually all the people commenting she's a man,fear,annoyance,0.07543139030366806
Taking a charge up 30. I love this team,love,love,0.3147479234638462
"I thought so too, glad I asked.",joy,joy,0.12950997666546482
4-3 isn’t actual wins? Tell me more then about these “actual wins”,confusion,annoyance,0.0611368627832414
They aren’t really being choosy.,neutral,disapproval,0.08833905244235592
*Keep your arms and legs inside the ride at all times.*,neutral,optimism,0.06504713678019473
> it. Just because they're not vertebrates doesn't mean we get to kill them for amusement. It literally does though,disgust,disapproval,0.13176589775423556
Difference is that a conq forward dash bash always grants a gb when dodged but warlords charge usually leaves him out of range to punish it when dodged,neutral,realization,0.07099781112786056
The right had both houses and the presidency and they wait until they lose the house to pretend they care about passing wall funding. So brave.,admiration,neutral,0.06649677406177869
It's not vague at all. No one aside from slave owners thinks anyone has a rightful claim to another persons life.,disapproval,disapproval,0.09557972285972108
"I like this one, it's not a ""when you"" meme.",love,love,0.07755245869218151
This is currently my situation with Metal Gear Solid,neutral,admiration,0.056061763053084045
This is me and my wife. She squeals with delight whenever it snows and I start looking for property in Arizona.,neutral,excitement,0.07150209976229793
"You're a [NAME], wizard.",approval,anger,0.08926896575974583
That’s pretty amazing. You made me smile for sure today man. Cheers on a talent and a great setup.,admiration,admiration,0.15710797797429252
It’s a shame that the name of the man doing the kicking is lost to history.,disappointment,sadness,0.056087511182600094
He would say Shut up about the sun I don’t think he likes space.,neutral,disapproval,0.11253304041610528
"My friend, come, I sell you! ",neutral,anger,0.06038725665367862
Congratulations on securing your CF Future!!!,admiration,joy,0.07294090264124126
The wow at the end without an ! really had not emthamused!,surprise,surprise,0.11238033303588506
Feminists body-shaming and objectifying men,embarrassment,neutral,0.057576325949042086
They as in men lol,amusement,amusement,0.40598144061210706
You can't release A New Hope 2.0 in China if you do that though.,neutral,optimism,0.11001377926297853
"This is really disgusting, the 4x4 community is one of the nicest around, Shame that a few c*nts gotta do shit like this.",disgust,disgust,0.11389000855109813
[NAME] is talking about another human in this world getting horny in an fashion he does not approve of.,neutral,neutral,0.0743762538235752
Do it!,neutral,confusion,0.0706590343682192
And perfectly perfect.,admiration,admiration,0.09077193654976037
"Happy cake day! Have a great day and year, cheers. ",desire,joy,0.26439792617506724
Let me rephrase what was said above: You should do some research from sources biased towards science.,neutral,annoyance,0.07105010393926756
"Good deal, thanks",admiration,gratitude,0.5565857486187955
Great to see him involved.,admiration,admiration,0.11851681512175821
"But the man has no intention of helping the child... The point of far-right populism is ""fuck everyone who isn't apart of my group""",neutral,anger,0.07841141952107049
What's wrong with your cousin.,curiosity,curiosity,0.10120872440167908
They do a great job until one pops free and smacks you in your junk.,admiration,admiration,0.08905402734380423
Wow you just described how it feels talking to most of those T_D people,neutral,surprise,0.07329287216631938
Hope you feel better and you’re on the way a speedy recovery.,optimism,optimism,0.2555511112935494
Your comment certainly does,neutral,amusement,0.08344301570212707
"If it's not too late, I'd love to have one of the binders!",love,love,0.1678523251099255
I don't feel alive anymore. I don't feel anything. I'm just numb all over. All I know is I want it to stop,sadness,disapproval,0.07567209167508175
Yeh 300+ years ago. Now they get paid pretty much to go to college. Nobody alive today even had great grandparents involved.,neutral,admiration,0.08035805377092199
If you bake em you're gonna have a bad time,annoyance,caring,0.08888781442687524
Store them on a barrel in the ship and have to transport them in your bucket?,neutral,neutral,0.06524572677460314
"It doesn’t really change anything, just side with your preference ",approval,disappointment,0.06374199208595906
That might be the first time I've seen [NAME] block a shot,neutral,surprise,0.09001718496728138
Man I love wicker park and buck town ! Give them their flair !,desire,love,0.2184610885144677
Love the view. I would love to drink rum with a view like that. Have fun!,love,love,0.47337882804257875
I never said anything about a crowded city. Immigration is not causing rural (or even suburban) areas to turn into crowded cities.,approval,disapproval,0.07671803906167016
Shame he’s an UFA instead of an RFA,neutral,neutral,0.07238869917137714
YOU BLEEPING NEED ME! YOU CAN'T MAKE THIS SUB GREAT WITHOUT ME!,anger,admiration,0.08339499300189065
"I'm 31 and didn't even have my first cell phone, period, until I was 20. This is just more anthropological fake news.",neutral,realization,0.08929830398831058
Not a nice thing to call your lady friend.,disapproval,admiration,0.06733187535175364
> lack of diversity in the cast now that's a new one lmao,amusement,disappointment,0.06556142862268256
WE'VE GOTTA GO BACK TO WELLINGTON,neutral,excitement,0.06209083565504549
Glad to hear it :) definitely more on the way!,joy,joy,0.07867469239207164
"It depresses me that the Carousel revamp has been a popular answer. Thats not a change, that a sliding scale adjustment.",sadness,disapproval,0.06569916709923287
"Was he captioning something related to ""Xcept me Im smurt hurr hurr"" with this meme sent? No one's being exceptional in this meme tho.",neutral,anger,0.06116729497346566
"Thanks, fixed it",gratitude,gratitude,0.49427359362948364
See i hate [NAME] and got my ass kicked that game bc i couldnt use him so i was lime why me 😂,anger,anger,0.08545435737448275
"If they had tried to free their friends first, their bomb would have been confiscated so I say they made the right choice.",approval,curiosity,0.056793134905791576
Thanks for the post [NAME] hang in there bb.,gratitude,gratitude,0.46526114981566685
I wish him good luck trying to get the video back but his chances are quite low. It's one man versus a corporate empire.,caring,desire,0.1341074547311093
Then how can you say the rest is very red outside of nova when that is blatantly not true?,confusion,realization,0.10357208006091763
This wait is killing me . I don’t even care about the Super Bowl.,neutral,annoyance,0.061666316595437386
I still don’t understand what did [NAME] do? Lol,amusement,amusement,0.16868296695693832
Gotta play the identity politics game. She’s black and a lady.,approval,neutral,0.06785183733953107
It’s a self fulfilling prophesy. They know things are getting more violent because they are looking to make them that way.,approval,disapproval,0.0704953803043608
Stop saying generic hating sentences!,anger,annoyance,0.07618452302727909
Good question... maybe it has something to do with expanding their international flights? Although if I remember correctly they unload you somewhere else to go through customs.,admiration,neutral,0.061488966414785774
Holy heckin heck,surprise,anger,0.06582769815375773
Lol. Weed is a he'll of a drug. I'm not changing a thing. Prey away.,amusement,amusement,0.15259749540118356
[NAME] is such a wholesome woman. The world needs more people like her.,admiration,optimism,0.06770322773915775
That’s not a good thing to do. And taking it into account for sentencing is fine. But she’s still guilty.,disapproval,disapproval,0.06358664544821152
You’re like not wrong but I wanted to play up the immaturity. I’ll go back and edit,desire,disapproval,0.08350445893821308
Is this from the new Ok Go video?,confusion,curiosity,0.10823880282069301
"How he dropped that sheep, probably going to hell but i almost choked laughing. ",amusement,excitement,0.06282291338825374
That’s not how roundabouts work. You give way to approaching traffic on your right. Doesn’t matter if they haven’t entered yet.,neutral,curiosity,0.0777104551635613
[NAME] i really hate entitled people. Upvote if you think that EPs are worse than Antivaxxers.,anger,anger,0.10080697483673916
But he is. He won’t talk to us. [NAME] damnit OP answer us!!,anger,neutral,0.07118676776558244
Just in case anyone wants to know what [NAME] spent their day doing.,neutral,curiosity,0.09855838948477866
I’m sorry for your loss bro ❤️,grief,remorse,0.25533496436503206
I ain’t your pal buddy.,annoyance,caring,0.08758999224091656
At least we’re in this together? 😓,curiosity,confusion,0.07131344169530932
You said it wrong.,disapproval,disapproval,0.08262241500911459
"Human faces are remarkably elastic, aren’t they?",neutral,disapproval,0.09848869922918128
Are you forreals?! I had no clue at all. Maybe i need totake a better look at the menu damn thanks dude,confusion,gratitude,0.0913769516648396
"Then, why include any indication of gender or sex at all?",neutral,confusion,0.09460099736848021
"Yet, here we are, a whole sub full of people who seem interested in the stupid things incels say and do... 🤔 /s",annoyance,anger,0.08041239533743581
I had so many bad Supercuts haircuts that I cringe when I look at the place and go to a fancy schmancy salon exclusively.,disapproval,surprise,0.055969194754804746
🤣that is so cool,admiration,admiration,0.09665598549374019
Yea man! Why does it always run out faster than shampoo from the same sized bottle?!,confusion,curiosity,0.06500727437812588
Free dog!,neutral,approval,0.05941690955106629
[NAME]: you lied to me.... I thought we were soul mates _blows up the building_ Or something along those lines,neutral,confusion,0.061167894680365036
You could say this situation got a little hairy,neutral,curiosity,0.06217819251192511
I just never felt like a boy. I hate my body and I just feel like I can't express myself for who I am.,anger,anger,0.08340039509386579
Imagine caring about last laugh This post was made by the warlord gang.,neutral,amusement,0.07865769434229933
And Meteor Man Edit: Hancock was a superhero movie too even though it was terrible.,disgust,fear,0.10733803567698087
these people are holding our country back. Im happy natural selection is taking its course.,joy,anger,0.08444363481943129
Aww that was endearing [NAME].,love,sadness,0.07426682486221428
Have you actually found the last honest orthodontist out there?,curiosity,caring,0.06894466974695516
"They do, I'm just not sure how and it's a challenge. I knew one guy that got a mirror shine on them.",confusion,confusion,0.12728601723604968
It's none of your business. Stay out of it.,anger,optimism,0.07047832700355121
Is this a real question or a snark?,curiosity,confusion,0.2007076418884721
So the [NAME] invading an even whiter Westeros full of [NAME]?,curiosity,neutral,0.06792993426165327
America can out-lazy your ass any day.,disappointment,annoyance,0.056008094289473516
"Wow, someone had a lot of golds to give!!",realization,surprise,0.18067475324895588
I'm sorry that I pay for music now to support these small artists. I know I'm a monster but I will try to be better.,optimism,caring,0.08999466243537545
That sounds so terrible. I'm very sorry.,sadness,fear,0.2735800437639585
"I've been pinched a couple times by it's tiny brothers, would not recommend holding that! Damn! It's cute tho. ",admiration,annoyance,0.06909309404328162
There should be a single age for all things to be legal as an adult not a bunch of random numbers.,neutral,disappointment,0.06686422749248437
Which means his lifestyle is unsustainable. Look at the house and the cars. Even renting he’s just racking up debt pretending to be a millionaire.,neutral,disgust,0.07018754776150549
It taunts you,annoyance,caring,0.13358195342599216
Now that I’ll need to see some evidence for.,neutral,curiosity,0.06620272316118984
That's what we're doing. It's just on my weeks I'd have to drop them off to her to take to daycare.,neutral,desire,0.0972389098153867
The only way this works is if [NAME] is doing the Bird Box challenge and cant see the terms of the contract.,neutral,neutral,0.06509229096815887
I <3 your application of facts.,admiration,neutral,0.05486745609016405
The old bear,neutral,joy,0.06462141788312789
I have and it didn't help. It's only a matter of time now for how long I can hold on.,approval,excitement,0.07194281735255287
> It’d make porn ~~awkward~~ awesome FTFY,embarrassment,admiration,0.09281484640632519
"This is why bars should have poly nights. It would be nice to be in a room of like minded people, maybe they will talk to me.",desire,optimism,0.07013011531881116
Seems familiar,neutral,disappointment,0.06317925695751606
"Nvm, I see that the drama sub sees what's up",neutral,curiosity,0.07167024604529494
"So unsurprised by this, one of the most hated people in the music world. ",disappointment,realization,0.08536395295860606
"Hi Game Grumps? This is [NAME], we want to do a cover with you, just [NAME], not [NAME].",neutral,curiosity,0.08346807613889466
spurs getting carried away now. Fouling their own players.,neutral,annoyance,0.055926399216487684
I hope that's real lol,amusement,amusement,0.39390638184545257
"Hi, I'm not [NAME] but I do have a question. During the term of your education were you ever required to do any research?",neutral,curiosity,0.07271277858766918
"ive had 300ug tabs before, took 2 had full on ego death was naked with my friends jumping on moving cars ",amusement,desire,0.05874263825513793
"[NAME] is the type of point guard the Magic need. Efficient scorer, fast slasher, and great court vision.",neutral,admiration,0.09846566787943316
Great post! : ),admiration,admiration,0.3780842203243022
To be fair I was in that crowd and there was barely any room to move.,realization,fear,0.06586532787546602
but....must....play....FIRING RANGE!!!!,neutral,realization,0.06094540858715459
my little abomination,disgust,joy,0.055415634512269885
My second doc! I’m a student from Cleveland and would love any tips you guys have.,love,love,0.13501948809337685
I got sort of excited and really was hoping it was [NAME]. Obviously it's not.... so yey... mystero.,excitement,optimism,0.07564047378395165
If you are not worried about stranger danger I could probably give you a lift.,neutral,caring,0.07901893834103225
"a jpg that's a gif, what a time to be alive",neutral,annoyance,0.07835310844215812
Report her to the police. Physical threats are a no-no.,fear,disapproval,0.1302406469777318
Wow! That takes guts! I’m so squeamish that I can hardly stand getting a shot 😂,admiration,surprise,0.06923317478104114
Please never stop writing poems mr u/SchnoodleDoodleDo :D,neutral,anger,0.06435356278841263
"Welcome to the family! Don't let toxic fans, especially Twitter, get the best of you. Let's go canes!",gratitude,caring,0.0753222105848275
"It's called ""fasci"" or ""fashy"" (fæ-shē) and it's an undercut style cutting hair.",neutral,excitement,0.09364722643017917
I'll make a note of this. Thanks!,gratitude,gratitude,0.16570503882539428
I hope if you ever have need of help for mental illness that the person who responds is not like you.,optimism,caring,0.11163650505172229
"Yes, and it's also possible to have sex without involving a dom/sub dynamic.",neutral,approval,0.08956367847602348
"To be fair, people still go on about [NAME] ",neutral,caring,0.0913836618438331
Please don’t marry this man-child.,sadness,joy,0.06773215039839955
A complete lack of self-reflection is a prerequisite for being a [NAME] supporter.,disappointment,excitement,0.06351214043159367
"Same, also no parking so they need to pull in the busy road outside my house. They must hate me.",embarrassment,realization,0.08082735801921648
Reddit culture is truly the worst.,disgust,disgust,0.19659965936066112
Well now I am super pumped! [NAME] I hope AA doesn’t disappoint us,optimism,optimism,0.16262347508713523
"I thought it was his nose sliced off, got confused when I didnt see any blood",confusion,confusion,0.06472066027922233
It took me 14 years to secure my AA 🐢,realization,realization,0.08253821877466326
"No, no the PTA has not disbanded!",disapproval,disapproval,0.35336114837010296
Ayyy you're welcome! x),excitement,gratitude,0.09187988172164076
"As fun as that sounds, please just call the police.",amusement,annoyance,0.059178269410490966
Seconded! [NAME] is gorgeous.,admiration,neutral,0.08255313349138449
"I know! It amazes me every day, but I'm SO, SO thankful for those lists.",admiration,admiration,0.05842034681985931
Ok. Got it. Thanks,gratitude,gratitude,0.2133743312348257
"“[NAME] make y'famous tonight, buddy!” 🤣 Anyway, no manger for him!",neutral,excitement,0.08190452324775326
Can't wait to die so I won't have to hear [NAME] breath in my ears 100 years from now.,annoyance,excitement,0.11457450253436861
"Most FBI agents never fire their weapons and spend more time looking at excel sheets, lol",amusement,amusement,0.1316330728290852
Shut up and stop trolling. You're not funny,anger,anger,0.13466915072374294
Say it with me now: WE 👏LOVE 👏PAT 👏C 👏AND 👏WE 👏DON’T 👏CARE 👏WHO 👏KNOWS 👏,neutral,love,0.10907574165354371
If they take on Crabbe it could be alright. We should try to get [NAME] and [NAME] from Chicago while dumping Crabbe.,neutral,caring,0.0757644795316261
Damn....poor guy,neutral,disappointment,0.08832512537633218
Just stop.,anger,anger,0.08686329309558184
It’s like frank trying to eat that celery,neutral,sadness,0.07695213023185243
You’ve got the slight shit-eating grin of a long-tenured predatory priest with immunity due to inside dirt on the bishop.,neutral,disappointment,0.06476196491655527
"I have no idea what's going on, but I hate when people surround the car like that. ",confusion,confusion,0.10161244135031414
Same.. that was brutal,neutral,sadness,0.08165978136497276
The food clapped,neutral,disappointment,0.09584990409369797
"oh, he was in the bathroom, they forgot to count him",realization,embarrassment,0.0878589141358876
"Ah, maybe the YouTube sound or phone sound. I don't know if it can tell when I turn off my desktop speakers",confusion,disapproval,0.08390315462984492
Any time he's passionate about something. I love seeing passionate people and 9/10 want to rip your clothes off.,love,love,0.12964009666221954
I love Skyline Chili but I totally understand why other people don't. Same with Imo's.,love,love,0.12890418573756685
Thanks again!,gratitude,gratitude,0.4207755159839575
I was expecting this to go MUCH worse than it did and I’m so glad my imagination wasn’t right.,joy,joy,0.07961501354550207
"Thanks for reply, I'll enjoy reading through the comments... maybe you make a book of it all. ",gratitude,gratitude,0.2235940298987054
You have mental problems dude. Get off the internet and get a life.,caring,caring,0.13591545537388738
"What a touching memory, /u/FappingPedant (sincerely!) ",neutral,curiosity,0.09551996857922505
Wow! Good for her! I’m so glad she was able to see through the bullshit!,admiration,joy,0.14168679486287325
"The soft glam palette from ABH, because almost everyone loves it. And I love it too. I am actually loving it more than my modern renaissance 😊",love,love,0.18102001288110306
I think we're passed the point where he'll ever have a full health season again,neutral,confusion,0.06948569682463107
Voting for representatives to govern on your behalf isn't direct democracy. That is when the people directly vote on issues themselves.,neutral,curiosity,0.06255334422703131
"I could not agree more. Actually, last week I played in my first smash bros tournament! (I lost, obviously) ",disappointment,approval,0.07145332750621085
I love the '1000 paw slap' at the end.,love,love,0.29500520121458224
Would love to have him come back to the organization in some way. GOAT.,love,love,0.15186393985725277
"I dont think a murder log that survived what killed off trex counts as cute, even if its only 2 or 3m long. ",disapproval,confusion,0.06933970930187268
That DJ Wilson Pass was a thing of beauty. So unselfish and skillfully done.,admiration,admiration,0.07008364816069416
"If you don't get that hook one shot combo with hog now, it's over. Not looking forward to that when I play Hog.",neutral,disapproval,0.07566645875384397
Love it. Be well [NAME],admiration,love,0.3530391497493901
And even though it’s only half carbonated at this point it still gives her those weird wet talking burps.,annoyance,disgust,0.0948552209992944
Alright. I’ll do that. I just don’t want to fail the cdcs you know thank you.,gratitude,gratitude,0.27758089603571684
This is super old news,admiration,admiration,0.10227723226694511
You deserve the same love. Those things are still true with you. You deserve love too.,caring,love,0.27279283040271296
You're right! I linked the wrong one. Thank,gratitude,gratitude,0.10088899823889631
"I find porn disgusting and boring, could this be a sign I'm asexual?",curiosity,disgust,0.13011092148978892
Thank you. I'll definately be sure to pick up that book sometime.,gratitude,gratitude,0.218702383847484
If it's all for [NAME] I'll forgive it.,neutral,approval,0.08020085996188811
Similarly to how they all claim to never read it but they're always reacting to what's said in the comments lol,neutral,amusement,0.08341122827082598
just some freak accident with the medicine he was prescribed. He had a seizure,neutral,neutral,0.06130499718865998
Try painting a penis around the pothole. Seems to have worked in Manchester,disgust,curiosity,0.05221247374832155
Because they’re going to have trouble crossing the *language barrier*.,neutral,disapproval,0.08168778577300147
"Fair enough, but in most countries, still illegal. Also highly unethical. Then again none of you give a damn about ethics.",neutral,approval,0.06395621030834137
Is this the go-to battle cry now of anyone The Left disagrees with or supports [NAME]? A Russian Agent? Give me a break.,curiosity,confusion,0.0898966599055481
"Awesome photo, love the bricks in the background and the color suits you chose. Very nice gents! ",admiration,love,0.13938773172927227
They‘re not together? Looks like I have some serious scrolling to catch up on!!,curiosity,disapproval,0.09489745690913193
And then there was the on who grabbed mom’s breast and tried shoving ot onto the ba y’s mouth.,annoyance,realization,0.06694961582490447
"I've recently figured out I'm the perfect mix of smart ass and sweet, the ladies love it.",love,love,0.13996063453315424
Thanks for the explanation. This letter sounds kind of cool.,gratitude,gratitude,0.3900679691285235
The intent is to provide the players with a sense of pride and accomplishment...,pride,approval,0.05806602962128371
Mate none of these are accurate. I only read these articles as an excuse to get mad at something,disapproval,anger,0.053805037171771125
"This is ok as extra content, but it feels really uncomfortable.",annoyance,disgust,0.060631063640543846
"Long, difficult but rewarding combos. Simple defense mechanics. The speed it’s currently at. Meter burns, risk reward. ",neutral,disapproval,0.05432341224372395
I don't disagree with anything there.,disapproval,disapproval,0.10240320121547293
I second disagreeing that they are awesome.,disapproval,admiration,0.12466324664638932
Though i think i preferred it when it was artistic and gritty i still love that series. Listening to the audiobook he took the voices from. highly recomended,admiration,love,0.19394415299242343
I feel like you and i share a mind. I appreciate your creativity!,admiration,caring,0.08046484380744928
Would u rather the food go into the bin or be eaten by birds?,confusion,realization,0.07357546155335269
What’s the chemical make up of a word? Yea thought so genius lmfaoooooo.,admiration,approval,0.0631033423869711
Doesn't change the fact that they shadowbanned a subreddit. Just because YOU think it's stupid doesn't make that ok.,annoyance,annoyance,0.07678963420795039
[NAME] has never said he wanted to build the team around [NAME]. Not sure why people are spreading this rumour.,confusion,confusion,0.18227109995226415
Appreciate you!,admiration,admiration,0.12070797507377234
"The ""richest"" country in the worlds royal palace banquet hall filled with cheap mass produced junk food and they love it.",love,love,0.12221760435285037
"""You people""? I think [NAME] is a moron but I think the [NAME] hysteria is equally if not more so moronic.",annoyance,anger,0.08361748424935672
Bingo - using market cap as your yardstick is as stupid as using GDP as a yardstick. One metric is never enough to capture a picture.,annoyance,anger,0.058423475455307565
Back to formula!,neutral,excitement,0.08818578876590359
"Good to know, thanks for response ",gratitude,gratitude,0.5755942542524135
Go slowly and don’t pressure yourself but rake advantage of some adult company for an evening out if the opportunity presents itself. Best wishes,caring,caring,0.06874992353416601
Thanks. People need to calm down and give QCX a little time here.,gratitude,gratitude,0.09756096234352388
> for solo players Play. Mercenary. Playlist. :),neutral,disappointment,0.056979116494631644
US is asking to be allowed to do quarterly reviews by a team of US people. CCP has replied that this is unreasonable and humiliating.,neutral,annoyance,0.06689931998859801
It's piss but its [NAME] piss so you make your move.,neutral,admiration,0.06596424413536477
I stan ❤️🧡💛💚💙💜,admiration,neutral,0.058397376669447804
According to you lol. MBTI could potentially be all of those things if applied correctly.,amusement,amusement,0.13296906638734673
"All my brother, I'm not talented haha I just steal the credit. ",amusement,amusement,0.09970604800849349
> Locking someone in a cage is 100% incompatible with a world where all violence not commited in self defense is immoral. Morals are subjective,neutral,curiosity,0.06872031361964666
Really because it looks like the judge is allowing the case to proceed. Must mean there's some merit to the claims.,neutral,annoyance,0.08140939735296308
"Idk, I couldn't imagine getting a bag of detergent and mistaking it for heroin",neutral,excitement,0.05922467098117174
"Remember, they gave ANF Above The Law an 8.",neutral,neutral,0.06320342534724023
"I hope you’re doing well with RCIA! So sorry for your loss. Praying for you, your family, and your daughter ♥️",caring,caring,0.18391237314829306
How about we get no wall and Medicare for all. Then only the good ideas get funded.,neutral,disapproval,0.06533693350483664
"What’s not true, exactly? That population differences affect influence? That politicians know where their voters are and play to those strengths? ",neutral,curiosity,0.0902650758584385
Yeah? I’ll believe it when the Packard plant is a bigger version of the Factory at franklin,realization,approval,0.0822113984368988
Go take a shower your personality stinks,annoyance,caring,0.09337462428262633
Ditto!!!,approval,neutral,0.05424263573111251
I pray to [NAME] that we will be aware of people's sins in the afterlife when we watch them burn.,caring,surprise,0.061887709152191515
This was amazing,admiration,admiration,0.14934580080726084
Ah it's the old one. First I can remember! Of course not the first. Or the last. Hard to keep track at times...,confusion,realization,0.07205489363916713
What the fuck is that horrifying picture,fear,anger,0.2594964483777053
They're living their fantasy.,neutral,disapproval,0.09430010304741306
I love this 10/10,love,love,0.45282807202836123
Really? I only remember the one in the movie (which did kinda weird me out),confusion,curiosity,0.06911925811460688
"This is the first time I've finished something so cringey. I'm dead inside, thanks. ",gratitude,admiration,0.07380184908282579
"If you're talking about tfue you're insane. He plays scrims for hours, every, single day. ",annoyance,caring,0.09070824121207385
Meanwhile I came in to a clinic the other week with a swollen toe and left with *codeine*.,neutral,optimism,0.06924915701117028
"Darn. I'm sorry, I didn't know that. I honestly am out of ideas and I don't know what to do.",remorse,disapproval,0.08346774883031396
"I'm sorry, no. The hostess was 15. I was 24. At the steakhouse, only hostess girls answered phones.",sadness,remorse,0.16316578480435914
No one comes here it’s cool,relief,disapproval,0.07385414664875779
Horns✔️ Tail✔️ Legs of furry animal✔️ Buff avatar✔️ Crazy brilliant collors✔️ Super active on twitter and son of the sin✔️ Yeah sure,approval,approval,0.06921341352865074
My favorite is this gem where [NAME] told [NAME] to stop whining and there is no election rigging..two weeks before the election,neutral,love,0.07846308683575921
*laughs in Panama Papers*,neutral,neutral,0.0635418258921905
"Wow, im the opposite. In year 2 of being apart now.",excitement,surprise,0.09956286512902163
Guns are too quick. You can't savor all the... Little emotions,neutral,annoyance,0.0709496282156004
"Well shit, then it's just like [NAME] wouldn't let me complete a maths degree just because I'm ideologically opposed to this 'algebra' thing!",approval,realization,0.06625099276478824
Yes.... base on the things I’ve seen on his phone but he said he never rly did it....,neutral,surprise,0.05666421185884093
For sure I live right on the tracks and at least once a month we have an incident,neutral,excitement,0.08537824103262132
> Basically tell them to screw off and realize their selfishness You mean my grandparents / aunt?,annoyance,curiosity,0.05820413853876616
"How dare you care about your physical and mental health, you shitlord you! /s",anger,caring,0.17542881196953772
"What supplements/brands do you get? I've been looking into it but there are so many options, I don't know where to start!",confusion,confusion,0.11638317863468173
Sick comeback. Not really a dirty combo other than the unblockable.,disapproval,disappointment,0.0704683543262466
"Its the easiest subject in the whole school, they teach us stuff we should’ve learned when we were 11, it’s so bad...",annoyance,disappointment,0.056534751919741506
That’s what I ended up doing lol,amusement,amusement,0.31276577964173613
You are doing your kids such a grand favor! I wish I were raised like that.,admiration,desire,0.12446577765295908
I AM THE RED ONE THANK YOU,gratitude,gratitude,0.34451630675303613
"satire /ˈsatʌɪə/ noun the use of humour, irony, exaggeration, or ridicule to expose and criticize people's stupidity or vices...",neutral,confusion,0.08091752411193606
i didn't figure 3 or 5 hours would break us up,neutral,optimism,0.07370276838702958
food pranks really irk me 😔,anger,disappointment,0.24560346999553193
Yup! Lol,amusement,amusement,0.7468297482762978
This looks really cool. r/twobestfriendsplay would love this.,admiration,love,0.3122695005930245
Its just coming out now...,neutral,optimism,0.07452458384826285
I watch it 4-5 times every time it comes up. I think there is something wrong with me...,disappointment,disappointment,0.06532811707243207
The least offensive example of anyone I've seen telling me to go fuck myself.,annoyance,anger,0.09387930884077864
I don’t think I’m high enough to get this,neutral,disapproval,0.09919130005085049
You got me. Now gimme the downvotes I DESERVED,neutral,disappointment,0.0707723240852844
Lafc fan lurking our sub... lol typical plastics.,amusement,amusement,0.4210834229350093
I commented like 5 mins b4 you lmao,neutral,amusement,0.09334607493869436
"Oh I'm contributing mate, don't you worry. The sub clown has been made to look like a knob again! Enjoy your Sunday night x",joy,joy,0.1032450031979974
"By the end of the trailer, I actually forgot spidey is dust for now.",realization,embarrassment,0.08337960493215965
i thought i was the only one who felt this way!,realization,sadness,0.06287748953791927
"Imagine if [NAME] wins the power and uses it at the noms, not realizing [NAME] wasn't even planning on nominating her lol",amusement,amusement,0.13196461953691746
yeah. many people mentioned that. also Shield Brah questions beastmen racism .,approval,approval,0.07046081210295865
"That's slick, would love to see you guys do it.",admiration,love,0.2252701415603694
Gorgeous. We headed to the Bob Hall pier to watch it on the beach.,admiration,remorse,0.05897448861989795
Should have been bunch of whining abults,neutral,disgust,0.0785076142157868
"It's about the cause not individuals. If my death leads to a better world so be it, everyone has to die some day. ",neutral,annoyance,0.06677356505617321
The car analogy is silly because car problems are physical and material and hence clearly factual diagnosable. “Toxic masculinity” is a squishy theoretical concept.,anger,curiosity,0.06481925445493969
lmao it's true. I'm cracking up about it.,amusement,amusement,0.08363578392459894
"Which is bizarre because [NAME] actually dubbed those scenes back in the day, but they apparently never used them ever.",confusion,joy,0.06067487489330701
TSA agents are like tow truck drivers. Everyone hates them.,anger,annoyance,0.06568335656857499
Git gud. jk Mobile sucks sometimes. If the Zebra/POA cooperate and it's a good day you can breeze through though. Keep at it.,neutral,disgust,0.0709532154468782
This sounds like fainting. Get your blood pressure/sugars checked.,caring,excitement,0.08691690260925167
"[NAME] is a cute woman, A Shyster, but cute.",admiration,admiration,0.10365224802727994
What about [NAME] arm ?Is [NAME] replacing [NAME] cannon ? I was more bummed about losing [NAME] arm than his bat .,confusion,curiosity,0.07040205951511229
Reminds me of my electric razor,neutral,fear,0.10236067212134932
Nah you bunch have the lot cornered on making your problems everyone else's,neutral,caring,0.074261813134953
"A Canadian Breakfast for €0?!? Unbelievable, what a world we live in.",curiosity,confusion,0.07015073547817072
Thanks for explaining the point he was making.,gratitude,gratitude,0.2805071899668336
[NAME] just think of how overworked her liver and kidneys must be!!,surprise,neutral,0.06303617645856771
That’s just silly.,neutral,curiosity,0.0633302358249894
Wow this is supee trashy. How did it get to front page?,admiration,excitement,0.09696003029759868
I don't think I'd like that either.,disapproval,disapproval,0.1972359390014374
It's almost like the whole rationalist thing was started by an overconfident person.,annoyance,approval,0.06195403766031191
"He had a lot of bad games; the longer he played, the more frequent they became.",neutral,disappointment,0.07162679500818497
It seems like good advice.,caring,admiration,0.07823214275377101
[NAME] and [NAME] at a brothel together > [NAME] and [NAME] at the Laver Cup,neutral,neutral,0.0841964307596361
Be free!!,neutral,caring,0.09792504720912389
Lol. I realize that. I know plenty of people like y'all,amusement,amusement,0.18299019691605542
As far as I know that’s why the military loves it. Plus the [NAME] use it for food occasionally.,love,confusion,0.0574776123327528
[NAME] [NAME] is like the 72hrs from console of course we like him wtf<3,love,love,0.10553641061469658
I’m worried about [NAME] too,fear,disappointment,0.07109225012198193
[NAME] went from feeding [NAME] wings on Friday to feeding [NAME] wings today and nobody is in there to fix the stream,neutral,neutral,0.07931384680657727
Coo bless...oncrici? Did I just summon an elder god?,neutral,caring,0.0786682762766196
DO NOT SAY ANYONE OTHER THAN [NAME] IS BETTER THAN [NAME] OR THE PITCHFORKS ARE OUT,neutral,confusion,0.08509703022947539
Can’t believe no one said [NAME] when she slept with [NAME]!!! I love [NAME] and I felt personally betrayed. Wish they never reunited.,desire,love,0.15445338084575047
Sad truth is you cant run away from who you are no matter how hard you try :(,sadness,sadness,0.10711488283304063
The other ending in the therapists office was the best in my opinion. Very White Bear-ish,admiration,realization,0.07812663421785823
If they’re not gonna get anyone else with that money then I wouldn’t have minded,neutral,disapproval,0.11278043771749871
It's great you have a friend with the same struggles as long as you both encourage each other to do better. It can be very comforting.,admiration,approval,0.08350613341628403
"It does IMO, I like being proud of India and I can not be proud if [NAME] wins.",optimism,pride,0.0875892851902903
I hear there was a racist illiterate poor woman in a Walmart somewhere in Iowa.,neutral,realization,0.06270119244560514
Great fucking game for [NAME]. And I can't believe some people are trying to hate on him for one TOV in the 4th. This fan base smh,annoyance,anger,0.11310187384927234
If they are going to do this why not just have individual bathrooms with locks on the doors.,confusion,curiosity,0.10448759482344365
Pretty sure he was being facetious guy,approval,confusion,0.06274659054111455
This person should be outed to the world. What a reckless pos,anger,surprise,0.06203258070644078
I think it's weird that he didn't just wake you up and weirder that he didn't tell you until you noticed it was missing.,annoyance,disgust,0.11752370917513147
Indiana resident here: fuck this state.,annoyance,anger,0.1529107827245261
Yeah transgenders are stupid.,anger,annoyance,0.11892520745671663
I'm starting to wonder if these are satire... They're too hilarious to be actual conservative memes.,amusement,surprise,0.12280885261081287
Do I wish people with face tattoos wouldn't be judged? Hell yes! But I'm not ignorant or Delusional enough to believe this.,disapproval,desire,0.1215839204073765
He's trying!,approval,neutral,0.06777705726769065
"[NAME], [NAME], [NAME], hey [NAME]. [NAME]! I’m a prostitute robot from the future.",neutral,neutral,0.08800384902425817
Good luck mate!,gratitude,optimism,0.21760855443719893
"Oh boy.. ""The Beginner's Guide"" game on steam had me messed up for a couple days..",annoyance,excitement,0.09384427161617456
"Luckily, everyone regrets MySpace. ",disappointment,joy,0.0680491063951111
I was surprised when they sewed them together instead of hot gluing them.,surprise,surprise,0.10424227007619882
Please make this happen. It works fine for Arizona. It will work fine here. Do it.,optimism,approval,0.07621225433293546
Love it.,love,love,0.8969534863728701
"Aw, she came home early to surprise you! She must have missed you a lot.",surprise,caring,0.055388776285870175
Is this [NAME] working in retail?,neutral,curiosity,0.11000045525300274
"No telling I know is not eat it, I like eggs and I like cottage cheese but yuck no they can’t touch!",love,disapproval,0.22528620635002886
"Drink off those hangovers boys, we have the best team in the universe to watch",admiration,admiration,0.0634128712966797
"Yah, thanks...I've several times made mistake of getting excited b4 face to face..no more i say",gratitude,gratitude,0.06737415981820111
What do you mean by verified transactions?,confusion,curiosity,0.3530567007724565
I’m not gonna be writing you a paper check!,disapproval,caring,0.06902796762231293
There is no Mrs [NAME]. Unless you count his sister.,neutral,neutral,0.07462182637695818
i really like that! I'll start using it moving forward =),love,approval,0.059327722530904965
"Oh I love flirtationships! This is normally us, but work takes us to a long distance relationship half of the year. ",love,love,0.12283295183210466
"Nothing is wrong with hugs and love, but most adults need sleep too.",love,love,0.15714972312879621
Probably because he is in a spiderman suit and is planning on doing something funny.,neutral,amusement,0.06630633860221567
"No, I generally feel like slugging them in the head repeatedly with an iron bar. Spitting is just petty. *Let your hatred flow!*",anger,disapproval,0.07541990153399855
"Wow, thanks whoever did the silver❣ put a ray of sunshine into an otherwise cloudy day! ",gratitude,gratitude,0.1025185875136922
Oh for fuck’s sake.,anger,anger,0.12935464021135396
Also available on Spotify and Apple Music. Any feedback would be hugely appreciated!,gratitude,admiration,0.06098632475082303
"He did a [NAME] score? ... yup, that's how unmemorable it was",curiosity,curiosity,0.061442661256578206
Oh thanks this is really helpful,gratitude,gratitude,0.21211192201487056
That was such awful bandaid application. Like what the fuck.,annoyance,disgust,0.14035088736025142
Hahaha years of being a nets fan makes me only look for reasons we wont win.,amusement,amusement,0.06571888592129585
Yes please. What's that @ ?,gratitude,approval,0.08813039608861549
"Good meme, nice meme",admiration,admiration,0.16386192440478362
"[NAME] lmaooo this made me laugh, thank you 😂",amusement,gratitude,0.38945173387429005
Anyone else see her 10 year challenge post today or yesterday. I'm so shocked she wouldn't pick this picture.,surprise,annoyance,0.06263757507391848
Yea ok.,approval,approval,0.08077481160415106
I remember it like it was yesterday.,neutral,amusement,0.06319838894535695
I'm mad at the process and happy with the results for Thrill tonight.,joy,joy,0.15289852223661926
What's the advantage of making it illegal to seek services that can be offered legally? Other than discourage an act based on its perceived moral implications?,neutral,disapproval,0.07530363078558093
What song is playing? It's so familiar but I can't place my finger on it,curiosity,confusion,0.056444837398252505
"I've seen this one, but don't remember the source. Any help?",curiosity,joy,0.07191399067225908
"No thank you, I'm just here to use your bathroom",gratitude,gratitude,0.22544451849842087
"at this point if you couldnt figure out that most [NAME] here dont actually support [NAME], you must have some problems",disappointment,amusement,0.0711714650784528
MTV is so dramatic lol “beautiful love story”,amusement,love,0.23389931985212215
Just look at the picture,neutral,disgust,0.08585446561261886
With him though you're supposed to be attracted to him because that's how he was able to kill so many women,neutral,anger,0.06493859832036322
"Considering my wife barely touches me, I think I could get this job. Wonder how much it pays. ",optimism,surprise,0.09127115877580085
I changed from [NAME] to [NAME] last night because I panicked. I am very pleased with my decision.,approval,sadness,0.06771704859445524
First I thought this was a repost then I realized you posted this five times straight...,realization,realization,0.16379366211687135
Where’s the joke? I can’t even figure out why someone would laugh at this.,annoyance,amusement,0.16840218123067713
Of the 7’1 jacked guy. Yes,neutral,approval,0.15538095414797876
I'm not sure what that is,confusion,confusion,0.37524555742253973
They will. The White House gave credit yeste day to Russia and Syria and saod they will finish the fight against ISIL.,approval,optimism,0.07441585459765357
I love Dr [NAME] and [NAME] at 8 West Dental in downtown. Edit: Called Dr [NAME] the wrong name.,love,love,0.13013486465156443
"[NAME] is so good at drafting too, but he just struggles as a head coach. I’d be ok with this ",admiration,admiration,0.06820730388707655
I hope [NAME] makes a full recovery.,desire,optimism,0.1762204840051368
"Sweet home alabama No but for real, is that even legal? You should stop having sex with her.",curiosity,disapproval,0.07892296247376099
And I'm loving it. It's driving the chuds mad.,love,excitement,0.057191812091814384
"Oh dear. Ive tried to forget that. Lmao If some one brings this up, i just remind them we are also the toilet water town. Lol",amusement,amusement,0.15766655012843594
Oof thank you,gratitude,gratitude,0.7800516210066951
The shattered glass looks like a sassy elf,neutral,neutral,0.06476451587095725
"Lol, nah, that team was nothing more than nyxl and friends. Nyxl coach, and mostly nyxl players.",amusement,amusement,0.14340077048454952
"Lol- nah, she is pretty cool as far as that goes. She loves hosting people. 95% of her wardrobe is [NAME] though :(",admiration,amusement,0.09679312704890264
Some people enjoy their music and their fans for the sake of others opinions.,joy,joy,0.08934639199437991
Happy cake day!,excitement,excitement,0.33241076077778187
"No dude. This person has two sick kids and is taking you back to their place... yeah, just no. ",disapproval,disapproval,0.09483986486578305
Ah the remnants.,neutral,disappointment,0.08507216654394069
My first Hawks jersey was #81. Praise be.,admiration,desire,0.08237353949380768
"Bat Out of Hell is awesome start to finish, I'd love to see a musical based on it.",admiration,love,0.14725393815070342
Yes. What do you use? Geocities?,curiosity,curiosity,0.21373347904422504
HURRY HARD!,neutral,sadness,0.12980255085392478
Calm down [NAME].,caring,neutral,0.07444696073224463
The fact that they didn't double up on gronk on any key plays tells me they weren't playing against NE strength.,neutral,disappointment,0.07730629620370967
How random. I did that just riding around town for no reason and saw that lighting.,neutral,curiosity,0.07826507465497468
I would choose to go in the coolest way possible. Don’t know what that would be but I would want my last moments to be memorable.,desire,surprise,0.08350204901858932
Yiddish is such an in-group language that you basically just have to go by whoever you're talking to.,neutral,annoyance,0.06952234441764575
"Bleak but may be accurate. I wonder - are there examples of other franchises that went down the toilet, but that then actually make a comeback?",curiosity,surprise,0.07694672869359301
"You can, but it won’t do anything for your ugly personality.",neutral,annoyance,0.06785226661895756
Omg my 3yr old kept rubbing it all over his face the other day too!! 😆,surprise,disappointment,0.07134665625399031
> Probably because the guy gets violent because of his ~~ego~~ **fragile sexuality** FTFY,neutral,disapproval,0.06913776505124497
Very well said.,admiration,disapproval,0.05693035450432651
Survival of the toughest.,neutral,realization,0.07159699632289052
"Yes!! My favourite film - I came here to suggest it, too. ",admiration,joy,0.08601500685617547
I just want to die. I don't want to keep trying.,sadness,desire,0.10502331467666608
Somewhere in Ohiooooooooo*,neutral,realization,0.07089810843014678
whos the killer,neutral,neutral,0.05478399802526269
Turgeon offense at it's finest. The ball never gets past the three point line and [NAME] just hits a three in someone's face.,approval,neutral,0.06201165682925766
"Calm down, [NAME]. ",neutral,neutral,0.07444696073224463
Last time I tried exposure at the grocery store I ended up with eight weeks community service.,neutral,optimism,0.07848989180173702
Yeah -- a woman who expects a guy to never even think about other women for the rest of his life is a special kind of delusional.,admiration,surprise,0.0629278823253312
“Richtofen breaks the cycle!”,neutral,approval,0.06473711125556388
I always wondered where it was on ormond. I managed to find the toolbox last week on yamaoka as killer.,curiosity,sadness,0.07292860252174863
ok thanks. i guess that's why there are none of them on reddit to respond to my inquiries lol,amusement,amusement,0.10220376939440035
"While Girl Scout Cookies and weed are old friends, I am unfortunately not in contact with a dealer of the latter!",neutral,approval,0.06404825973849416
Just subscribed! Keep strong bro focus on the end goal :),approval,optimism,0.06901896937043168
Addressed this elsewhere but I was mistaken. Thanks for the correction.,gratitude,gratitude,0.3503053115758067
(apparenlty) a lawyer sending incriminating text message to a paralegal. this has to be really bad lawyer...,disgust,disappointment,0.0755693850712925
At least vote 3rd party. A vote for DSA signals a voter that could vote [NAME]. Staying home signals voter apathy,neutral,neutral,0.05847852076439851
But people already know I'm weird.,annoyance,disgust,0.10416458770045392
I don't know,neutral,confusion,0.14600172794639024
We just bought [NAME]. Have faith,optimism,neutral,0.059716002643135924
Guilty... waaaaay over sold myself on my resume about 12 years ago.,remorse,embarrassment,0.0667050347581263
"Ha ha, that's absolutely fair enough. :)",approval,amusement,0.09027964587411132
you can be sweet,neutral,caring,0.11616868136223468
"I'd be surprised if mosques make the girls on school trips cover their hair, hence my question.",surprise,surprise,0.11637580911708802
"I peed off my deck at -30 yesterday, very disappointed when it didn’t freeze before impact.",disappointment,disappointment,0.06999700272097521
"Come on, this would be funny with a better caption.",amusement,amusement,0.1194136736118848
"Can we change the ""haha"" one to when he was laughing about giving that scarecrow to [NAME] ",amusement,amusement,0.081073001166116
"Ha, I thought it was about [NAME]. ",neutral,amusement,0.08735506918592789
"You can't just assert that something came from nothing, you need to provide evidence for said claim.",disapproval,caring,0.07705882748318058
Because [NAME] did not create us as apes and yes Science can never disprove [RELIGION].,neutral,disapproval,0.06909802372823395
What is he doing here without [NAME]?!,curiosity,curiosity,0.09241912495025455
Ha. Fair enough.,approval,disappointment,0.07309115681929901
Brave would be the movie you’re looking for,curiosity,caring,0.0857362598367651
Not my proudest fap,disapproval,disapproval,0.12767040084372397
"Thanks, no idea why that would be removed.",confusion,confusion,0.15150246783824586
The [NAME] make beers? That's news to me,curiosity,annoyance,0.06809032803841726
I heard [NAME] makes someone his bitch on a usual basis. Anyone remember how often?,annoyance,anger,0.0636355754245196
"The menzingers are sick, good luck out there bud",disgust,optimism,0.1596883762187212
That would...hurt,annoyance,disappointment,0.06984534138292628
"This is very deceptive. If you haven't read it, this article is great! The Deceptive Income of Physicians",admiration,admiration,0.133319191692832
So no replays for arsenal penalty calls.. Cool cool cool cool cool cool cool cool,approval,surprise,0.13586578643131705
I’m happy I could help. Let me know if it works,joy,joy,0.10097713842753715
Wait what planet was this on? I dont remember ever going there,neutral,confusion,0.12732463668286492
Can't even put on dress pants now without turning back and checking for my parents.,annoyance,excitement,0.07818029853813525
"Right now I'm listening to Stand By Me, I'm liking it ",joy,realization,0.05724504062218152
This sub is literally retarded,neutral,admiration,0.06198356703481164
"Heck, you're one cool dude, guy. ",admiration,admiration,0.07946137531799352
Really wish we had got something like this!,desire,desire,0.44224039092438094
Great start to the post-All-Star game part of the campaign!,admiration,realization,0.08113278644967419
This sub is a fucking joke now,annoyance,anger,0.15063835304341316
At the same time liberals are lining up to applaud [NAME] for how incredibly woke they are...,admiration,sadness,0.06662148093948879
Fries with vinegar sound completely awfull,joy,approval,0.06489801114815678
Communism advocates a stateless society. They just got kicked in the head into believing Private Property is bad.,neutral,disgust,0.11767169770786412
It doesn’t help,disapproval,caring,0.07047589042840327
Personally I like to thin their are lizard people. It would explain their cold hearts.,neutral,curiosity,0.05575077181378224
12 players had points! Everyone except [NAME] had a shot on goal!,excitement,neutral,0.061423145120358576
